academic_year,ay_start,region,enrollees,enrollees_elem,enrollees_jhs,enrollees_shs,teachers,teachers_elem,teachers_jhs,teachers_shs,pupils_per_teacher,source
SY 2010-2011,2010,Region I - Ilocos Region,1008026,703219,304807,0,30636,21604,9032,0,32.9,"Kaggle johnjoemmelrodelas/philippine-public-education-data (DepEd enrollment and teacher counts, public schools)"
SY 2010-2011,2010,Region II - Cagayan Valley,645903,450855,195048,0,20583,14728,5855,0,31.38,"Kaggle johnjoemmelrodelas/philippine-public-education-data (DepEd enrollment and teacher counts, public schools)"
SY 2010-2011,2010,Region III - Central Luzon,2012989,1429093,583896,0,49486,34952,14534,0,40.68,"Kaggle johnjoemmelrodelas/philippine-public-education-data (DepEd enrollment and teacher counts, public schools)"
SY 2010-2011,2010,Region IV-A - CALABARZON,2358091,1660065,698026,0,53383,37190,16193,0,44.17,"Kaggle johnjoemmelrodelas/philippine-public-education-data (DepEd enrollment and teacher counts, public schools)"
SY 2010-2011,2010,Region IV-B - MIMAROPA,694448,508155,186293,0,17853,12900,4953,0,38.9,"Kaggle johnjoemmelrodelas/philippine-public-education-data (DepEd enrollment and teacher counts, public schools)"
SY 2010-2011,2010,Region V - Bicol Region,1455238,1074029,381209,0,37569,27056,10513,0,38.74,"Kaggle johnjoemmelrodelas/philippine-public-education-data (DepEd enrollment and teacher counts, public schools)"
SY 2010-2011,2010,Region VI - Western Visayas,1562734,1091834,470900,0,46633,32774,13859,0,33.51,"Kaggle johnjoemmelrodelas/philippine-public-education-data (DepEd enrollment and teacher counts, public schools)"
SY 2010-2011,2010,Region VII - Central Visayas,1510158,1098109,412049,0,35806,25940,9866,0,42.18,"Kaggle johnjoemmelrodelas/philippine-public-education-data (DepEd enrollment and teacher counts, public schools)"
SY 2010-2011,2010,Region VIII - Eastern Visayas,1066238,777899,288339,0,29212,21860,7352,0,36.5,"Kaggle johnjoemmelrodelas/philippine-public-education-data (DepEd enrollment and teacher counts, public schools)"
SY 2010-2011,2010,Region IX - Zamboanga Peninsula,837306,627117,210189,0,22307,16604,5703,0,37.54,"Kaggle johnjoemmelrodelas/philippine-public-education-data (DepEd enrollment and teacher counts, public schools)"
SY 2010-2011,2010,Region X - Northern Mindanao,929166,699666,229500,0,23978,17999,5979,0,38.75,"Kaggle johnjoemmelrodelas/philippine-public-education-data (DepEd enrollment and teacher counts, public schools)"
SY 2010-2011,2010,Region XI - Davao Region,943488,698488,245000,0,23767,17148,6619,0,39.7,"Kaggle johnjoemmelrodelas/philippine-public-education-data (DepEd enrollment and teacher counts, public schools)"
SY 2010-2011,2010,Region XII - Soccsksargen,903242,671948,231294,0,21792,15761,6031,0,41.45,"Kaggle johnjoemmelrodelas/philippine-public-education-data (DepEd enrollment and teacher counts, public schools)"
SY 2010-2011,2010,CARAGA - CARAGA,600633,443507,157126,0,15840,11569,4271,0,37.92,"Kaggle johnjoemmelrodelas/philippine-public-education-data (DepEd enrollment and teacher counts, public schools)"
SY 2010-2011,2010,BARMM - Bangsamoro Autonomous Region in Muslim Mindanao,943883,766468,177415,0,17649,14317,3332,0,53.48,"Kaggle johnjoemmelrodelas/philippine-public-education-data (DepEd enrollment and teacher counts, public schools)"
SY 2010-2011,2010,CAR - Cordillera Administrative Region,323633,236816,86817,0,10815,7848,2967,0,29.92,"Kaggle johnjoemmelrodelas/philippine-public-education-data (DepEd enrollment and teacher counts, public schools)"
SY 2010-2011,2010,NCR - National Capital Region,1973966,1301504,672462,0,50524,31314,19210,0,39.07,"Kaggle johnjoemmelrodelas/philippine-public-education-data (DepEd enrollment and teacher counts, public schools)"
SY 2011-2012,2011,Region I - Ilocos Region,1017790,717753,300037,0,31061,21790,9271,0,32.77,"Kaggle johnjoemmelrodelas/philippine-public-education-data (DepEd enrollment and teacher counts, public schools)"
SY 2011-2012,2011,Region II - Cagayan Valley,680738,486329,194409,0,20466,14521,5945,0,33.26,"Kaggle johnjoemmelrodelas/philippine-public-education-data (DepEd enrollment and teacher counts, public schools)"
SY 2011-2012,2011,Region III - Central Luzon,2052434,1461183,591251,0,50250,35418,14832,0,40.84,"Kaggle johnjoemmelrodelas/philippine-public-education-data (DepEd enrollment and teacher counts, public schools)"
SY 2011-2012,2011,Region IV-A - CALABARZON,2457991,1742772,715219,0,54946,37501,17445,0,44.73,"Kaggle johnjoemmelrodelas/philippine-public-education-data (DepEd enrollment and teacher counts, public schools)"
SY 2011-2012,2011,Region IV-B - MIMAROPA,726081,537109,188972,0,18349,13215,5134,0,39.57,"Kaggle johnjoemmelrodelas/philippine-public-education-data (DepEd enrollment and teacher counts, public schools)"
SY 2011-2012,2011,Region V - Bicol Region,1508878,1119296,389582,0,38043,27299,10744,0,39.66,"Kaggle johnjoemmelrodelas/philippine-public-education-data (DepEd enrollment and teacher counts, public schools)"
SY 2011-2012,2011,Region VI - Western Visayas,1629709,1159357,470352,0,47264,33046,14218,0,34.48,"Kaggle johnjoemmelrodelas/philippine-public-education-data (DepEd enrollment and teacher counts, public schools)"
SY 2011-2012,2011,Region VII - Central Visayas,1565828,1150513,415315,0,36434,26232,10202,0,42.98,"Kaggle johnjoemmelrodelas/philippine-public-education-data (DepEd enrollment and teacher counts, public schools)"
SY 2011-2012,2011,Region VIII - Eastern Visayas,1097894,805453,292441,0,29550,22003,7547,0,37.15,"Kaggle johnjoemmelrodelas/philippine-public-education-data (DepEd enrollment and teacher counts, public schools)"
SY 2011-2012,2011,Region IX - Zamboanga Peninsula,872413,659331,213082,0,22620,16800,5820,0,38.57,"Kaggle johnjoemmelrodelas/philippine-public-education-data (DepEd enrollment and teacher counts, public schools)"
SY 2011-2012,2011,Region X - Northern Mindanao,991111,760533,230578,0,24311,18188,6123,0,40.77,"Kaggle johnjoemmelrodelas/philippine-public-education-data (DepEd enrollment and teacher counts, public schools)"
SY 2011-2012,2011,Region XI - Davao Region,992382,745378,247004,0,23989,17233,6756,0,41.37,"Kaggle johnjoemmelrodelas/philippine-public-education-data (DepEd enrollment and teacher counts, public schools)"
SY 2011-2012,2011,Region XII - Soccsksargen,952829,718458,234371,0,22339,16019,6320,0,42.65,"Kaggle johnjoemmelrodelas/philippine-public-education-data (DepEd enrollment and teacher counts, public schools)"
SY 2011-2012,2011,CARAGA - CARAGA,614176,455911,158265,0,16270,11947,4323,0,37.75,"Kaggle johnjoemmelrodelas/philippine-public-education-data (DepEd enrollment and teacher counts, public schools)"
SY 2011-2012,2011,BARMM - Bangsamoro Autonomous Region in Muslim Mindanao,945478,770996,174482,0,16308,13104,3204,0,57.98,"Kaggle johnjoemmelrodelas/philippine-public-education-data (DepEd enrollment and teacher counts, public schools)"
SY 2011-2012,2011,CAR - Cordillera Administrative Region,334208,247740,86468,0,11043,7999,3044,0,30.26,"Kaggle johnjoemmelrodelas/philippine-public-education-data (DepEd enrollment and teacher counts, public schools)"
SY 2011-2012,2011,NCR - National Capital Region,2034267,1360030,674237,0,51228,31640,19588,0,39.71,"Kaggle johnjoemmelrodelas/philippine-public-education-data (DepEd enrollment and teacher counts, public schools)"
SY 2012-2013,2012,Region I - Ilocos Region,1029352,725305,304047,0,32257,22235,10022,0,31.91,"Kaggle johnjoemmelrodelas/philippine-public-education-data (DepEd enrollment and teacher counts, public schools)"
SY 2012-2013,2012,Region II - Cagayan Valley,694525,501138,193387,0,21898,15284,6614,0,31.72,"Kaggle johnjoemmelrodelas/philippine-public-education-data (DepEd enrollment and teacher counts, public schools)"
SY 2012-2013,2012,Region III - Central Luzon,2089055,1486751,602304,0,53127,36417,16710,0,39.32,"Kaggle johnjoemmelrodelas/philippine-public-education-data (DepEd enrollment and teacher counts, public schools)"
SY 2012-2013,2012,Region IV-A - CALABARZON,2539295,1801832,737463,0,58952,39513,19439,0,43.07,"Kaggle johnjoemmelrodelas/philippine-public-education-data (DepEd enrollment and teacher counts, public schools)"
SY 2012-2013,2012,Region IV-B - MIMAROPA,735278,541055,194223,0,19370,13622,5748,0,37.96,"Kaggle johnjoemmelrodelas/philippine-public-education-data (DepEd enrollment and teacher counts, public schools)"
SY 2012-2013,2012,Region V - Bicol Region,1517454,1120452,397002,0,40306,28136,12170,0,37.65,"Kaggle johnjoemmelrodelas/philippine-public-education-data (DepEd enrollment and teacher counts, public schools)"
SY 2012-2013,2012,Region VI - Western Visayas,1651248,1182696,468552,0,49245,33766,15479,0,33.53,"Kaggle johnjoemmelrodelas/philippine-public-education-data (DepEd enrollment and teacher counts, public schools)"
SY 2012-2013,2012,Region VII - Central Visayas,1595563,1167896,427667,0,39333,27307,12026,0,40.57,"Kaggle johnjoemmelrodelas/philippine-public-education-data (DepEd enrollment and teacher counts, public schools)"
SY 2012-2013,2012,Region VIII - Eastern Visayas,1104286,804074,300212,0,31835,22736,9099,0,34.69,"Kaggle johnjoemmelrodelas/philippine-public-education-data (DepEd enrollment and teacher counts, public schools)"
SY 2012-2013,2012,Region IX - Zamboanga Peninsula,871744,661330,210414,0,23708,17217,6491,0,36.77,"Kaggle johnjoemmelrodelas/philippine-public-education-data (DepEd enrollment and teacher counts, public schools)"
SY 2012-2013,2012,Region X - Northern Mindanao,989484,758256,231228,0,25704,18831,6873,0,38.5,"Kaggle johnjoemmelrodelas/philippine-public-education-data (DepEd enrollment and teacher counts, public schools)"
SY 2012-2013,2012,Region XI - Davao Region,1017529,766839,250690,0,25375,17832,7543,0,40.1,"Kaggle johnjoemmelrodelas/philippine-public-education-data (DepEd enrollment and teacher counts, public schools)"
SY 2012-2013,2012,Region XII - Soccsksargen,960687,723918,236769,0,23715,16794,6921,0,40.51,"Kaggle johnjoemmelrodelas/philippine-public-education-data (DepEd enrollment and teacher counts, public schools)"
SY 2012-2013,2012,CARAGA - CARAGA,616332,456582,159750,0,17519,12358,5161,0,35.18,"Kaggle johnjoemmelrodelas/philippine-public-education-data (DepEd enrollment and teacher counts, public schools)"
SY 2012-2013,2012,BARMM - Bangsamoro Autonomous Region in Muslim Mindanao,876229,716128,160101,0,18109,14402,3707,0,48.39,"Kaggle johnjoemmelrodelas/philippine-public-education-data (DepEd enrollment and teacher counts, public schools)"
SY 2012-2013,2012,CAR - Cordillera Administrative Region,334308,246875,87433,0,11579,8278,3301,0,28.87,"Kaggle johnjoemmelrodelas/philippine-public-education-data (DepEd enrollment and teacher counts, public schools)"
SY 2012-2013,2012,NCR - National Capital Region,2052523,1371867,680656,0,55542,33103,22439,0,36.95,"Kaggle johnjoemmelrodelas/philippine-public-education-data (DepEd enrollment and teacher counts, public schools)"
SY 2013-2014,2013,Region I - Ilocos Region,1040306,728910,311396,0,34210,22779,11431,0,30.41,"Kaggle johnjoemmelrodelas/philippine-public-education-data (DepEd enrollment and teacher counts, public schools)"
SY 2013-2014,2013,Region II - Cagayan Valley,704490,508954,195536,0,23802,16038,7764,0,29.6,"Kaggle johnjoemmelrodelas/philippine-public-education-data (DepEd enrollment and teacher counts, public schools)"
SY 2013-2014,2013,Region III - Central Luzon,2153587,1526637,626950,0,59313,38774,20539,0,36.31,"Kaggle johnjoemmelrodelas/philippine-public-education-data (DepEd enrollment and teacher counts, public schools)"
SY 2013-2014,2013,Region IV-A - CALABARZON,2562843,1818590,744253,0,67887,43299,24588,0,37.75,"Kaggle johnjoemmelrodelas/philippine-public-education-data (DepEd enrollment and teacher counts, public schools)"
SY 2013-2014,2013,Region IV-B - MIMAROPA,738910,538840,200070,0,21842,14826,7016,0,33.83,"Kaggle johnjoemmelrodelas/philippine-public-education-data (DepEd enrollment and teacher counts, public schools)"
SY 2013-2014,2013,Region V - Bicol Region,1533709,1120982,412727,0,44284,29740,14544,0,34.63,"Kaggle johnjoemmelrodelas/philippine-public-education-data (DepEd enrollment and teacher counts, public schools)"
SY 2013-2014,2013,Region VI - Western Visayas,1672579,1195683,476896,0,53050,35340,17710,0,31.53,"Kaggle johnjoemmelrodelas/philippine-public-education-data (DepEd enrollment and teacher counts, public schools)"
SY 2013-2014,2013,Region VII - Central Visayas,1621707,1180443,441264,0,45074,30381,14693,0,35.98,"Kaggle johnjoemmelrodelas/philippine-public-education-data (DepEd enrollment and teacher counts, public schools)"
SY 2013-2014,2013,Region VIII - Eastern Visayas,1106325,793876,312449,0,34854,24490,10364,0,31.74,"Kaggle johnjoemmelrodelas/philippine-public-education-data (DepEd enrollment and teacher counts, public schools)"
SY 2013-2014,2013,Region IX - Zamboanga Peninsula,849456,639850,209606,0,26174,18543,7631,0,32.45,"Kaggle johnjoemmelrodelas/philippine-public-education-data (DepEd enrollment and teacher counts, public schools)"
SY 2013-2014,2013,Region X - Northern Mindanao,994474,757236,237238,0,29101,20681,8420,0,34.17,"Kaggle johnjoemmelrodelas/philippine-public-education-data (DepEd enrollment and teacher counts, public schools)"
SY 2013-2014,2013,Region XI - Davao Region,1038542,782077,256465,0,28385,19368,9017,0,36.59,"Kaggle johnjoemmelrodelas/philippine-public-education-data (DepEd enrollment and teacher counts, public schools)"
SY 2013-2014,2013,Region XII - Soccsksargen,964119,724223,239896,0,27451,18898,8553,0,35.12,"Kaggle johnjoemmelrodelas/philippine-public-education-data (DepEd enrollment and teacher counts, public schools)"
SY 2013-2014,2013,CARAGA - CARAGA,626088,460945,165143,0,19527,13213,6314,0,32.06,"Kaggle johnjoemmelrodelas/philippine-public-education-data (DepEd enrollment and teacher counts, public schools)"
SY 2013-2014,2013,BARMM - Bangsamoro Autonomous Region in Muslim Mindanao,858245,695979,162266,0,18456,14590,3866,0,46.5,"Kaggle johnjoemmelrodelas/philippine-public-education-data (DepEd enrollment and teacher counts, public schools)"
SY 2013-2014,2013,CAR - Cordillera Administrative Region,338384,248074,90310,0,12698,8747,3951,0,26.65,"Kaggle johnjoemmelrodelas/philippine-public-education-data (DepEd enrollment and teacher counts, public schools)"
SY 2013-2014,2013,NCR - National Capital Region,2080469,1390356,690113,0,57456,32206,25250,0,36.21,"Kaggle johnjoemmelrodelas/philippine-public-education-data (DepEd enrollment and teacher counts, public schools)"
SY 2014-2015,2014,Region I - Ilocos Region,1039706,724301,315405,0,35187,23071,12116,0,29.55,"Kaggle johnjoemmelrodelas/philippine-public-education-data (DepEd enrollment and teacher counts, public schools)"
SY 2014-2015,2014,Region II - Cagayan Valley,705657,508447,197210,0,24514,16435,8079,0,28.79,"Kaggle johnjoemmelrodelas/philippine-public-education-data (DepEd enrollment and teacher counts, public schools)"
SY 2014-2015,2014,Region III - Central Luzon,2166128,1527807,638321,0,63085,39972,23113,0,34.34,"Kaggle johnjoemmelrodelas/philippine-public-education-data (DepEd enrollment and teacher counts, public schools)"
SY 2014-2015,2014,Region IV-A - CALABARZON,2637027,1859473,777554,0,72628,45219,27409,0,36.31,"Kaggle johnjoemmelrodelas/philippine-public-education-data (DepEd enrollment and teacher counts, public schools)"
SY 2014-2015,2014,Region IV-B - MIMAROPA,743804,537239,206565,0,23192,15516,7676,0,32.07,"Kaggle johnjoemmelrodelas/philippine-public-education-data (DepEd enrollment and teacher counts, public schools)"
SY 2014-2015,2014,Region V - Bicol Region,1526520,1098314,428206,0,46610,30781,15829,0,32.75,"Kaggle johnjoemmelrodelas/philippine-public-education-data (DepEd enrollment and teacher counts, public schools)"
SY 2014-2015,2014,Region VI - Western Visayas,1682641,1194262,488379,0,54492,35854,18638,0,30.88,"Kaggle johnjoemmelrodelas/philippine-public-education-data (DepEd enrollment and teacher counts, public schools)"
SY 2014-2015,2014,Region VII - Central Visayas,1634243,1177715,456528,0,48423,31667,16756,0,33.75,"Kaggle johnjoemmelrodelas/philippine-public-education-data (DepEd enrollment and teacher counts, public schools)"
SY 2014-2015,2014,Region VIII - Eastern Visayas,1100810,784027,316783,0,36423,25099,11324,0,30.22,"Kaggle johnjoemmelrodelas/philippine-public-education-data (DepEd enrollment and teacher counts, public schools)"
SY 2014-2015,2014,Region IX - Zamboanga Peninsula,876725,654784,221941,0,27335,19077,8258,0,32.07,"Kaggle johnjoemmelrodelas/philippine-public-education-data (DepEd enrollment and teacher counts, public schools)"
SY 2014-2015,2014,Region X - Northern Mindanao,1007297,760080,247217,0,30203,21078,9125,0,33.35,"Kaggle johnjoemmelrodelas/philippine-public-education-data (DepEd enrollment and teacher counts, public schools)"
SY 2014-2015,2014,Region XI - Davao Region,1066999,793405,273594,0,30006,20256,9750,0,35.56,"Kaggle johnjoemmelrodelas/philippine-public-education-data (DepEd enrollment and teacher counts, public schools)"
SY 2014-2015,2014,Region XII - Soccsksargen,1005925,746858,259067,0,28958,19633,9325,0,34.74,"Kaggle johnjoemmelrodelas/philippine-public-education-data (DepEd enrollment and teacher counts, public schools)"
SY 2014-2015,2014,CARAGA - CARAGA,637299,463821,173478,0,20667,13813,6854,0,30.84,"Kaggle johnjoemmelrodelas/philippine-public-education-data (DepEd enrollment and teacher counts, public schools)"
SY 2014-2015,2014,BARMM - Bangsamoro Autonomous Region in Muslim Mindanao,783963,635879,148084,0,20122,15649,4473,0,38.96,"Kaggle johnjoemmelrodelas/philippine-public-education-data (DepEd enrollment and teacher counts, public schools)"
SY 2014-2015,2014,CAR - Cordillera Administrative Region,337074,244693,92381,0,13143,8904,4239,0,25.65,"Kaggle johnjoemmelrodelas/philippine-public-education-data (DepEd enrollment and teacher counts, public schools)"
SY 2014-2015,2014,NCR - National Capital Region,2051761,1366443,685318,0,62570,35824,26746,0,32.79,"Kaggle johnjoemmelrodelas/philippine-public-education-data (DepEd enrollment and teacher counts, public schools)"
SY 2015-2016,2015,Region I - Ilocos Region,1025543,708852,316691,0,37449,24138,13311,0,27.39,"Kaggle johnjoemmelrodelas/philippine-public-education-data (DepEd enrollment and teacher counts, public schools)"
SY 2015-2016,2015,Region II - Cagayan Valley,706931,506728,200203,0,26628,17857,8771,0,26.55,"Kaggle johnjoemmelrodelas/philippine-public-education-data (DepEd enrollment and teacher counts, public schools)"
SY 2015-2016,2015,Region III - Central Luzon,2172258,1522197,650061,0,69353,43501,25852,0,31.32,"Kaggle johnjoemmelrodelas/philippine-public-education-data (DepEd enrollment and teacher counts, public schools)"
SY 2015-2016,2015,Region IV-A - CALABARZON,2652777,1856868,795909,0,79896,49264,30632,0,33.2,"Kaggle johnjoemmelrodelas/philippine-public-education-data (DepEd enrollment and teacher counts, public schools)"
SY 2015-2016,2015,Region IV-B - MIMAROPA,743076,531269,211807,0,25726,17279,8447,0,28.88,"Kaggle johnjoemmelrodelas/philippine-public-education-data (DepEd enrollment and teacher counts, public schools)"
SY 2015-2016,2015,Region V - Bicol Region,1508742,1071209,437533,0,51579,33833,17746,0,29.25,"Kaggle johnjoemmelrodelas/philippine-public-education-data (DepEd enrollment and teacher counts, public schools)"
SY 2015-2016,2015,Region VI - Western Visayas,1663809,1171357,492452,0,57766,37888,19878,0,28.8,"Kaggle johnjoemmelrodelas/philippine-public-education-data (DepEd enrollment and teacher counts, public schools)"
SY 2015-2016,2015,Region VII - Central Visayas,1626478,1158734,467744,0,53226,34015,19211,0,30.56,"Kaggle johnjoemmelrodelas/philippine-public-education-data (DepEd enrollment and teacher counts, public schools)"
SY 2015-2016,2015,Region VIII - Eastern Visayas,1092608,766456,326152,0,41557,28030,13527,0,26.29,"Kaggle johnjoemmelrodelas/philippine-public-education-data (DepEd enrollment and teacher counts, public schools)"
SY 2015-2016,2015,Region IX - Zamboanga Peninsula,866636,638874,227762,0,30591,20803,9788,0,28.33,"Kaggle johnjoemmelrodelas/philippine-public-education-data (DepEd enrollment and teacher counts, public schools)"
SY 2015-2016,2015,Region X - Northern Mindanao,1010730,758032,252698,0,33076,22845,10231,0,30.56,"Kaggle johnjoemmelrodelas/philippine-public-education-data (DepEd enrollment and teacher counts, public schools)"
SY 2015-2016,2015,Region XI - Davao Region,1074792,791036,283756,0,32532,21764,10768,0,33.04,"Kaggle johnjoemmelrodelas/philippine-public-education-data (DepEd enrollment and teacher counts, public schools)"
SY 2015-2016,2015,Region XII - Soccsksargen,1006661,740933,265728,0,32348,21475,10873,0,31.12,"Kaggle johnjoemmelrodelas/philippine-public-education-data (DepEd enrollment and teacher counts, public schools)"
SY 2015-2016,2015,CARAGA - CARAGA,639582,461460,178122,0,22847,15210,7637,0,27.99,"Kaggle johnjoemmelrodelas/philippine-public-education-data (DepEd enrollment and teacher counts, public schools)"
SY 2015-2016,2015,BARMM - Bangsamoro Autonomous Region in Muslim Mindanao,732985,594164,138821,0,18456,14179,4277,0,39.72,"Kaggle johnjoemmelrodelas/philippine-public-education-data (DepEd enrollment and teacher counts, public schools)"
SY 2015-2016,2015,CAR - Cordillera Administrative Region,333821,239868,93953,0,14429,9890,4539,0,23.14,"Kaggle johnjoemmelrodelas/philippine-public-education-data (DepEd enrollment and teacher counts, public schools)"
SY 2015-2016,2015,NCR - National Capital Region,2006266,1334721,671545,0,64828,36995,27833,0,30.95,"Kaggle johnjoemmelrodelas/philippine-public-education-data (DepEd enrollment and teacher counts, public schools)"
SY 2016-2017,2016,Region I - Ilocos Region,1056578,681650,323303,51625,39325,24237,13006,2082,26.87,"Kaggle johnjoemmelrodelas/philippine-public-education-data (DepEd enrollment and teacher counts, public schools)"
SY 2016-2017,2016,Region II - Cagayan Valley,729703,492695,205491,31517,28014,18098,8670,1246,26.05,"Kaggle johnjoemmelrodelas/philippine-public-education-data (DepEd enrollment and teacher counts, public schools)"
SY 2016-2017,2016,Region III - Central Luzon,2217797,1478061,663906,75830,72623,43342,25270,4011,30.54,"Kaggle johnjoemmelrodelas/philippine-public-education-data (DepEd enrollment and teacher counts, public schools)"
SY 2016-2017,2016,Region IV-A - CALABARZON,2727394,1831540,819958,75896,84447,49530,29975,4942,32.3,"Kaggle johnjoemmelrodelas/philippine-public-education-data (DepEd enrollment and teacher counts, public schools)"
SY 2016-2017,2016,Region IV-B - MIMAROPA,761778,513955,217082,30741,26536,16982,8083,1471,28.71,"Kaggle johnjoemmelrodelas/philippine-public-education-data (DepEd enrollment and teacher counts, public schools)"
SY 2016-2017,2016,Region V - Bicol Region,1545199,1027214,452526,65459,53370,33594,17142,2634,28.95,"Kaggle johnjoemmelrodelas/philippine-public-education-data (DepEd enrollment and teacher counts, public schools)"
SY 2016-2017,2016,Region VI - Western Visayas,1712445,1130395,502730,79320,60869,38203,19539,3127,28.13,"Kaggle johnjoemmelrodelas/philippine-public-education-data (DepEd enrollment and teacher counts, public schools)"
SY 2016-2017,2016,Region VII - Central Visayas,1660828,1120882,482586,57360,56170,34372,18940,2858,29.57,"Kaggle johnjoemmelrodelas/philippine-public-education-data (DepEd enrollment and teacher counts, public schools)"
SY 2016-2017,2016,Region VIII - Eastern Visayas,1123038,735399,335245,52394,42666,27765,12907,1994,26.32,"Kaggle johnjoemmelrodelas/philippine-public-education-data (DepEd enrollment and teacher counts, public schools)"
SY 2016-2017,2016,Region IX - Zamboanga Peninsula,883531,618851,239965,24715,31359,20879,9170,1310,28.17,"Kaggle johnjoemmelrodelas/philippine-public-education-data (DepEd enrollment and teacher counts, public schools)"
SY 2016-2017,2016,Region X - Northern Mindanao,1044349,744665,264074,35610,34860,22996,10300,1564,29.96,"Kaggle johnjoemmelrodelas/philippine-public-education-data (DepEd enrollment and teacher counts, public schools)"
SY 2016-2017,2016,Region XI - Davao Region,1088245,756948,301222,30075,34313,22184,10520,1609,31.72,"Kaggle johnjoemmelrodelas/philippine-public-education-data (DepEd enrollment and teacher counts, public schools)"
SY 2016-2017,2016,Region XII - Soccsksargen,1033271,720020,274267,38984,33749,21705,10446,1598,30.62,"Kaggle johnjoemmelrodelas/philippine-public-education-data (DepEd enrollment and teacher counts, public schools)"
SY 2016-2017,2016,CARAGA - CARAGA,656287,447517,185696,23074,23449,15055,7323,1071,27.99,"Kaggle johnjoemmelrodelas/philippine-public-education-data (DepEd enrollment and teacher counts, public schools)"
SY 2016-2017,2016,BARMM - Bangsamoro Autonomous Region in Muslim Mindanao,756023,603455,138261,14307,20742,15361,4447,934,36.45,"Kaggle johnjoemmelrodelas/philippine-public-education-data (DepEd enrollment and teacher counts, public schools)"
SY 2016-2017,2016,CAR - Cordillera Administrative Region,337961,231438,95712,10811,15211,9838,4728,645,22.22,"Kaggle johnjoemmelrodelas/philippine-public-education-data (DepEd enrollment and teacher counts, public schools)"
SY 2016-2017,2016,NCR - National Capital Region,2013941,1305754,673924,34263,66302,35993,26617,3692,30.38,"Kaggle johnjoemmelrodelas/philippine-public-education-data (DepEd enrollment and teacher counts, public schools)"
SY 2017-2018,2017,Region I - Ilocos Region,1105211,672026,332205,100980,41833,24768,13471,3594,26.42,"Kaggle johnjoemmelrodelas/philippine-public-education-data (DepEd enrollment and teacher counts, public schools)"
SY 2017-2018,2017,Region II - Cagayan Valley,763330,490491,211445,61394,29626,18420,8930,2276,25.77,"Kaggle johnjoemmelrodelas/philippine-public-education-data (DepEd enrollment and teacher counts, public schools)"
SY 2017-2018,2017,Region III - Central Luzon,2288119,1472116,675581,140422,75856,44493,25948,5415,30.16,"Kaggle johnjoemmelrodelas/philippine-public-education-data (DepEd enrollment and teacher counts, public schools)"
SY 2017-2018,2017,Region IV-A - CALABARZON,2832577,1838596,848434,145547,87485,51167,31166,5152,32.38,"Kaggle johnjoemmelrodelas/philippine-public-education-data (DepEd enrollment and teacher counts, public schools)"
SY 2017-2018,2017,Region IV-B - MIMAROPA,789930,504783,227871,57276,28160,17394,8607,2159,28.05,"Kaggle johnjoemmelrodelas/philippine-public-education-data (DepEd enrollment and teacher counts, public schools)"
SY 2017-2018,2017,Region V - Bicol Region,1605289,999895,478451,126943,55392,34463,17566,3363,28.98,"Kaggle johnjoemmelrodelas/philippine-public-education-data (DepEd enrollment and teacher counts, public schools)"
SY 2017-2018,2017,Region VI - Western Visayas,1783788,1109513,526919,147356,63622,38947,20036,4639,28.04,"Kaggle johnjoemmelrodelas/philippine-public-education-data (DepEd enrollment and teacher counts, public schools)"
SY 2017-2018,2017,Region VII - Central Visayas,1721144,1102318,500753,118073,58878,35385,20229,3264,29.23,"Kaggle johnjoemmelrodelas/philippine-public-education-data (DepEd enrollment and teacher counts, public schools)"
SY 2017-2018,2017,Region VIII - Eastern Visayas,1162485,717578,349000,95907,45238,28516,13268,3454,25.7,"Kaggle johnjoemmelrodelas/philippine-public-education-data (DepEd enrollment and teacher counts, public schools)"
SY 2017-2018,2017,Region IX - Zamboanga Peninsula,908930,603658,257690,47582,32457,21592,9466,1399,28.0,"Kaggle johnjoemmelrodelas/philippine-public-education-data (DepEd enrollment and teacher counts, public schools)"
SY 2017-2018,2017,Region X - Northern Mindanao,1081413,738254,280185,62974,36194,23857,10310,2027,29.88,"Kaggle johnjoemmelrodelas/philippine-public-education-data (DepEd enrollment and teacher counts, public schools)"
SY 2017-2018,2017,Region XI - Davao Region,1125973,746070,322283,57620,36701,23257,11321,2123,30.68,"Kaggle johnjoemmelrodelas/philippine-public-education-data (DepEd enrollment and teacher counts, public schools)"
SY 2017-2018,2017,Region XII - Soccsksargen,1074728,714246,290838,69644,36094,22384,11003,2707,29.78,"Kaggle johnjoemmelrodelas/philippine-public-education-data (DepEd enrollment and teacher counts, public schools)"
SY 2017-2018,2017,CARAGA - CARAGA,682682,439641,196235,46806,25176,15647,7826,1703,27.12,"Kaggle johnjoemmelrodelas/philippine-public-education-data (DepEd enrollment and teacher counts, public schools)"
SY 2017-2018,2017,BARMM - Bangsamoro Autonomous Region in Muslim Mindanao,743823,582260,135163,26400,20143,14811,4732,600,36.93,"Kaggle johnjoemmelrodelas/philippine-public-education-data (DepEd enrollment and teacher counts, public schools)"
SY 2017-2018,2017,CAR - Cordillera Administrative Region,344037,226127,97487,20423,15413,10007,4564,842,22.32,"Kaggle johnjoemmelrodelas/philippine-public-education-data (DepEd enrollment and teacher counts, public schools)"
SY 2017-2018,2017,NCR - National Capital Region,2028370,1279788,678787,69795,67305,37191,27652,2462,30.14,"Kaggle johnjoemmelrodelas/philippine-public-education-data (DepEd enrollment and teacher counts, public schools)"
SY 2018-2019,2018,Region I - Ilocos Region,1121508,663211,346265,112032,43552,25737,13916,3899,25.75,"Kaggle johnjoemmelrodelas/philippine-public-education-data (DepEd enrollment and teacher counts, public schools)"
SY 2018-2019,2018,Region II - Cagayan Valley,784674,490556,224708,69410,31568,19289,9564,2715,24.86,"Kaggle johnjoemmelrodelas/philippine-public-education-data (DepEd enrollment and teacher counts, public schools)"
SY 2018-2019,2018,Region III - Central Luzon,2341099,1476123,706740,158236,82527,48160,28299,6068,28.37,"Kaggle johnjoemmelrodelas/philippine-public-education-data (DepEd enrollment and teacher counts, public schools)"
SY 2018-2019,2018,Region IV-A - CALABARZON,2916909,1845363,906146,165400,95575,55041,34583,5951,30.52,"Kaggle johnjoemmelrodelas/philippine-public-education-data (DepEd enrollment and teacher counts, public schools)"
SY 2018-2019,2018,Region IV-B - MIMAROPA,802348,498053,239905,64390,29820,17946,9430,2444,26.91,"Kaggle johnjoemmelrodelas/philippine-public-education-data (DepEd enrollment and teacher counts, public schools)"
SY 2018-2019,2018,Region V - Bicol Region,1626176,965968,514971,145237,59824,35681,19481,4662,27.18,"Kaggle johnjoemmelrodelas/philippine-public-education-data (DepEd enrollment and teacher counts, public schools)"
SY 2018-2019,2018,Region VI - Western Visayas,1809933,1075565,574057,160311,68164,40507,21956,5701,26.55,"Kaggle johnjoemmelrodelas/philippine-public-education-data (DepEd enrollment and teacher counts, public schools)"
SY 2018-2019,2018,Region VII - Central Visayas,1757937,1074158,548666,135113,62611,37766,21089,3756,28.08,"Kaggle johnjoemmelrodelas/philippine-public-education-data (DepEd enrollment and teacher counts, public schools)"
SY 2018-2019,2018,Region VIII - Eastern Visayas,1174700,700670,365901,108129,49003,30034,15195,3774,23.97,"Kaggle johnjoemmelrodelas/philippine-public-education-data (DepEd enrollment and teacher counts, public schools)"
SY 2018-2019,2018,Region IX - Zamboanga Peninsula,935478,588948,286008,60522,33950,21505,10517,1928,27.55,"Kaggle johnjoemmelrodelas/philippine-public-education-data (DepEd enrollment and teacher counts, public schools)"
SY 2018-2019,2018,Region X - Northern Mindanao,1112758,732305,307911,72542,38419,24781,11271,2367,28.96,"Kaggle johnjoemmelrodelas/philippine-public-education-data (DepEd enrollment and teacher counts, public schools)"
SY 2018-2019,2018,Region XI - Davao Region,1155015,729479,353185,72351,40204,24489,13149,2566,28.73,"Kaggle johnjoemmelrodelas/philippine-public-education-data (DepEd enrollment and teacher counts, public schools)"
SY 2018-2019,2018,Region XII - Soccsksargen,1101971,707926,313220,80825,39099,24097,12108,2894,28.18,"Kaggle johnjoemmelrodelas/philippine-public-education-data (DepEd enrollment and teacher counts, public schools)"
SY 2018-2019,2018,CARAGA - CARAGA,700907,435975,208197,56735,27364,16529,8731,2104,25.61,"Kaggle johnjoemmelrodelas/philippine-public-education-data (DepEd enrollment and teacher counts, public schools)"
SY 2018-2019,2018,BARMM - Bangsamoro Autonomous Region in Muslim Mindanao,758204,585548,144234,28422,21221,15863,4965,393,35.73,"Kaggle johnjoemmelrodelas/philippine-public-education-data (DepEd enrollment and teacher counts, public schools)"
SY 2018-2019,2018,CAR - Cordillera Administrative Region,349864,223420,102295,24149,15750,10349,4733,668,22.21,"Kaggle johnjoemmelrodelas/philippine-public-education-data (DepEd enrollment and teacher counts, public schools)"
SY 2018-2019,2018,NCR - National Capital Region,2054010,1270337,697840,85833,69438,36632,29540,3266,29.58,"Kaggle johnjoemmelrodelas/philippine-public-education-data (DepEd enrollment and teacher counts, public schools)"
SY 2019-2020,2019,Region I - Ilocos Region,1111470,637338,353471,120661,45203,25955,14741,4507,24.59,"Kaggle johnjoemmelrodelas/philippine-public-education-data (DepEd enrollment and teacher counts, public schools)"
SY 2019-2020,2019,Region II - Cagayan Valley,785236,476909,231981,76346,31949,19546,9535,2868,24.58,"Kaggle johnjoemmelrodelas/philippine-public-education-data (DepEd enrollment and teacher counts, public schools)"
SY 2019-2020,2019,Region III - Central Luzon,2340890,1440188,728337,172365,84109,48812,28892,6405,27.83,"Kaggle johnjoemmelrodelas/philippine-public-education-data (DepEd enrollment and teacher counts, public schools)"
SY 2019-2020,2019,Region IV-A - CALABARZON,2937137,1819152,937290,180695,98854,57348,35036,6470,29.71,"Kaggle johnjoemmelrodelas/philippine-public-education-data (DepEd enrollment and teacher counts, public schools)"
SY 2019-2020,2019,Region IV-B - MIMAROPA,803795,488304,243091,72400,31408,18509,10212,2687,25.59,"Kaggle johnjoemmelrodelas/philippine-public-education-data (DepEd enrollment and teacher counts, public schools)"
SY 2019-2020,2019,Region V - Bicol Region,1613904,942422,514819,156663,62573,36886,20246,5441,25.79,"Kaggle johnjoemmelrodelas/philippine-public-education-data (DepEd enrollment and teacher counts, public schools)"
SY 2019-2020,2019,Region VI - Western Visayas,1799300,1036793,585986,176521,70069,41336,22567,6166,25.68,"Kaggle johnjoemmelrodelas/philippine-public-education-data (DepEd enrollment and teacher counts, public schools)"
SY 2019-2020,2019,Region VII - Central Visayas,1756460,1050085,555366,151009,66496,39516,22526,4454,26.41,"Kaggle johnjoemmelrodelas/philippine-public-education-data (DepEd enrollment and teacher counts, public schools)"
SY 2019-2020,2019,Region VIII - Eastern Visayas,1169150,679646,369163,120341,49959,30273,15498,4188,23.4,"Kaggle johnjoemmelrodelas/philippine-public-education-data (DepEd enrollment and teacher counts, public schools)"
SY 2019-2020,2019,Region IX - Zamboanga Peninsula,941946,578799,292964,70183,35915,22624,11001,2290,26.23,"Kaggle johnjoemmelrodelas/philippine-public-education-data (DepEd enrollment and teacher counts, public schools)"
SY 2019-2020,2019,Region X - Northern Mindanao,1123933,720872,321667,81394,39918,25494,11830,2594,28.16,"Kaggle johnjoemmelrodelas/philippine-public-education-data (DepEd enrollment and teacher counts, public schools)"
SY 2019-2020,2019,Region XI - Davao Region,1158180,711299,366436,80445,41759,25098,13683,2978,27.73,"Kaggle johnjoemmelrodelas/philippine-public-education-data (DepEd enrollment and teacher counts, public schools)"
SY 2019-2020,2019,Region XII - Soccsksargen,1108370,692812,327446,88112,40434,24475,12681,3278,27.41,"Kaggle johnjoemmelrodelas/philippine-public-education-data (DepEd enrollment and teacher counts, public schools)"
SY 2019-2020,2019,CARAGA - CARAGA,702306,427151,212274,62881,28139,16700,9018,2421,24.96,"Kaggle johnjoemmelrodelas/philippine-public-education-data (DepEd enrollment and teacher counts, public schools)"
SY 2019-2020,2019,BARMM - Bangsamoro Autonomous Region in Muslim Mindanao,771357,582686,154760,33911,22194,16348,5236,610,34.76,"Kaggle johnjoemmelrodelas/philippine-public-education-data (DepEd enrollment and teacher counts, public schools)"
SY 2019-2020,2019,CAR - Cordillera Administrative Region,345364,215533,103167,26664,16326,10610,4808,908,21.15,"Kaggle johnjoemmelrodelas/philippine-public-education-data (DepEd enrollment and teacher counts, public schools)"
SY 2019-2020,2019,NCR - National Capital Region,2044121,1243679,704215,96227,70888,37670,29883,3335,28.84,"Kaggle johnjoemmelrodelas/philippine-public-education-data (DepEd enrollment and teacher counts, public schools)"
SY 2020-2021,2020,Region I - Ilocos Region,1139566,642888,362567,134111,46954,26699,15117,5138,24.27,"Kaggle johnjoemmelrodelas/philippine-public-education-data (DepEd enrollment and teacher counts, public schools)"
SY 2020-2021,2020,Region II - Cagayan Valley,817888,483249,247604,87035,34102,20534,10127,3441,23.98,"Kaggle johnjoemmelrodelas/philippine-public-education-data (DepEd enrollment and teacher counts, public schools)"
SY 2020-2021,2020,Region III - Central Luzon,2393006,1446404,746367,200235,87128,49911,29860,7357,27.47,"Kaggle johnjoemmelrodelas/philippine-public-education-data (DepEd enrollment and teacher counts, public schools)"
SY 2020-2021,2020,Region IV-A - CALABARZON,2991907,1829632,955285,206990,104508,60421,36551,7536,28.63,"Kaggle johnjoemmelrodelas/philippine-public-education-data (DepEd enrollment and teacher counts, public schools)"
SY 2020-2021,2020,Region IV-B - MIMAROPA,811249,487659,242107,81483,32729,19277,10325,3127,24.79,"Kaggle johnjoemmelrodelas/philippine-public-education-data (DepEd enrollment and teacher counts, public schools)"
SY 2020-2021,2020,Region V - Bicol Region,1522467,902169,466447,153851,65936,38012,21228,6696,23.09,"Kaggle johnjoemmelrodelas/philippine-public-education-data (DepEd enrollment and teacher counts, public schools)"
SY 2020-2021,2020,Region VI - Western Visayas,1846904,1037049,609300,200555,72488,42132,23296,7060,25.48,"Kaggle johnjoemmelrodelas/philippine-public-education-data (DepEd enrollment and teacher counts, public schools)"
SY 2020-2021,2020,Region VII - Central Visayas,1752746,1040762,545651,166333,70942,40653,24145,6144,24.71,"Kaggle johnjoemmelrodelas/philippine-public-education-data (DepEd enrollment and teacher counts, public schools)"
SY 2020-2021,2020,Region VIII - Eastern Visayas,1187067,678933,375109,133025,51196,30620,15841,4735,23.19,"Kaggle johnjoemmelrodelas/philippine-public-education-data (DepEd enrollment and teacher counts, public schools)"
SY 2020-2021,2020,Region IX - Zamboanga Peninsula,947314,562205,302414,82695,38297,23305,11756,3236,24.74,"Kaggle johnjoemmelrodelas/philippine-public-education-data (DepEd enrollment and teacher counts, public schools)"
SY 2020-2021,2020,Region X - Northern Mindanao,1131655,711556,328315,91784,43112,26810,12888,3414,26.25,"Kaggle johnjoemmelrodelas/philippine-public-education-data (DepEd enrollment and teacher counts, public schools)"
SY 2020-2021,2020,Region XI - Davao Region,1136870,687368,357568,91934,44148,26010,14773,3365,25.75,"Kaggle johnjoemmelrodelas/philippine-public-education-data (DepEd enrollment and teacher counts, public schools)"
SY 2020-2021,2020,Region XII - Soccsksargen,1125037,686531,338085,100421,41709,25244,12774,3691,26.97,"Kaggle johnjoemmelrodelas/philippine-public-education-data (DepEd enrollment and teacher counts, public schools)"
SY 2020-2021,2020,CARAGA - CARAGA,716835,426462,217964,72409,29902,17440,9356,3106,23.97,"Kaggle johnjoemmelrodelas/philippine-public-education-data (DepEd enrollment and teacher counts, public schools)"
SY 2020-2021,2020,BARMM - Bangsamoro Autonomous Region in Muslim Mindanao,754887,562110,153509,39268,23488,17228,5505,755,32.14,"Kaggle johnjoemmelrodelas/philippine-public-education-data (DepEd enrollment and teacher counts, public schools)"
SY 2020-2021,2020,CAR - Cordillera Administrative Region,355909,218767,104490,32652,17393,11007,5128,1258,20.46,"Kaggle johnjoemmelrodelas/philippine-public-education-data (DepEd enrollment and teacher counts, public schools)"
SY 2020-2021,2020,NCR - National Capital Region,2025141,1223147,689595,112399,72810,38796,30017,3997,27.81,"Kaggle johnjoemmelrodelas/philippine-public-education-data (DepEd enrollment and teacher counts, public schools)"
