item,year,element,value,unit,source
Buffalo,1961,Stocks,3452000.0,An,FAOSTAT Production_Crops_Livestock (Asia bulk)
Buffalo,1962,Stocks,3471800.0,An,FAOSTAT Production_Crops_Livestock (Asia bulk)
Buffalo,1963,Stocks,3323100.0,An,FAOSTAT Production_Crops_Livestock (Asia bulk)
Buffalo,1964,Stocks,3190700.0,An,FAOSTAT Production_Crops_Livestock (Asia bulk)
Buffalo,1965,Stocks,3345600.0,An,FAOSTAT Production_Crops_Livestock (Asia bulk)
Buffalo,1966,Stocks,3633000.0,An,FAOSTAT Production_Crops_Livestock (Asia bulk)
Buffalo,1967,Stocks,3926100.0,An,FAOSTAT Production_Crops_Livestock (Asia bulk)
Buffalo,1968,Stocks,4173400.0,An,FAOSTAT Production_Crops_Livestock (Asia bulk)
Buffalo,1969,Stocks,4368700.0,An,FAOSTAT Production_Crops_Livestock (Asia bulk)
Buffalo,1970,Stocks,4431500.0,An,FAOSTAT Production_Crops_Livestock (Asia bulk)
Buffalo,1971,Stocks,4555700.0,An,FAOSTAT Production_Crops_Livestock (Asia bulk)
Buffalo,1972,Stocks,4711100.0,An,FAOSTAT Production_Crops_Livestock (Asia bulk)
Buffalo,1973,Stocks,4937000.0,An,FAOSTAT Production_Crops_Livestock (Asia bulk)
Buffalo,1974,Stocks,4200000.0,An,FAOSTAT Production_Crops_Livestock (Asia bulk)
Buffalo,1975,Stocks,3500000.0,An,FAOSTAT Production_Crops_Livestock (Asia bulk)
Buffalo,1976,Stocks,2724680.0,An,FAOSTAT Production_Crops_Livestock (Asia bulk)
Buffalo,1977,Stocks,2897390.0,An,FAOSTAT Production_Crops_Livestock (Asia bulk)
Buffalo,1978,Stocks,2958720.0,An,FAOSTAT Production_Crops_Livestock (Asia bulk)
Buffalo,1979,Stocks,2803260.0,An,FAOSTAT Production_Crops_Livestock (Asia bulk)
Buffalo,1980,Stocks,2870270.0,An,FAOSTAT Production_Crops_Livestock (Asia bulk)
Buffalo,1981,Stocks,2849940.0,An,FAOSTAT Production_Crops_Livestock (Asia bulk)
Buffalo,1982,Stocks,2908450.0,An,FAOSTAT Production_Crops_Livestock (Asia bulk)
Buffalo,1983,Stocks,2946150.0,An,FAOSTAT Production_Crops_Livestock (Asia bulk)
Buffalo,1984,Stocks,3021650.0,An,FAOSTAT Production_Crops_Livestock (Asia bulk)
Buffalo,1985,Stocks,2982840.0,An,FAOSTAT Production_Crops_Livestock (Asia bulk)
Buffalo,1986,Stocks,2984450.0,An,FAOSTAT Production_Crops_Livestock (Asia bulk)
Buffalo,1987,Stocks,2865260.0,An,FAOSTAT Production_Crops_Livestock (Asia bulk)
Buffalo,1988,Stocks,2890030.0,An,FAOSTAT Production_Crops_Livestock (Asia bulk)
Buffalo,1989,Stocks,2841850.0,An,FAOSTAT Production_Crops_Livestock (Asia bulk)
Buffalo,1990,Stocks,2764950.0,An,FAOSTAT Production_Crops_Livestock (Asia bulk)
Buffalo,1991,Stocks,2647000.0,An,FAOSTAT Production_Crops_Livestock (Asia bulk)
Buffalo,1992,Stocks,2577000.0,An,FAOSTAT Production_Crops_Livestock (Asia bulk)
Buffalo,1993,Stocks,2575765.0,An,FAOSTAT Production_Crops_Livestock (Asia bulk)
Buffalo,1994,Stocks,2559660.0,An,FAOSTAT Production_Crops_Livestock (Asia bulk)
Buffalo,1995,Stocks,2707826.0,An,FAOSTAT Production_Crops_Livestock (Asia bulk)
Buffalo,1996,Stocks,2841277.0,An,FAOSTAT Production_Crops_Livestock (Asia bulk)
Buffalo,1997,Stocks,2968130.0,An,FAOSTAT Production_Crops_Livestock (Asia bulk)
Buffalo,1998,Stocks,3013000.0,An,FAOSTAT Production_Crops_Livestock (Asia bulk)
Buffalo,1999,Stocks,3005989.0,An,FAOSTAT Production_Crops_Livestock (Asia bulk)
Buffalo,2000,Stocks,3024403.0,An,FAOSTAT Production_Crops_Livestock (Asia bulk)
Buffalo,2001,Stocks,3065812.0,An,FAOSTAT Production_Crops_Livestock (Asia bulk)
Buffalo,2002,Stocks,3122026.0,An,FAOSTAT Production_Crops_Livestock (Asia bulk)
Buffalo,2003,Stocks,3179536.0,An,FAOSTAT Production_Crops_Livestock (Asia bulk)
Buffalo,2004,Stocks,3269980.0,An,FAOSTAT Production_Crops_Livestock (Asia bulk)
Buffalo,2005,Stocks,3327000.0,An,FAOSTAT Production_Crops_Livestock (Asia bulk)
Buffalo,2006,Stocks,3360680.0,An,FAOSTAT Production_Crops_Livestock (Asia bulk)
Buffalo,2007,Stocks,3383620.0,An,FAOSTAT Production_Crops_Livestock (Asia bulk)
Buffalo,2008,Stocks,3338570.0,An,FAOSTAT Production_Crops_Livestock (Asia bulk)
Buffalo,2009,Stocks,3321000.0,An,FAOSTAT Production_Crops_Livestock (Asia bulk)
Buffalo,2010,Stocks,3270400.0,An,FAOSTAT Production_Crops_Livestock (Asia bulk)
Buffalo,2011,Stocks,3075300.0,An,FAOSTAT Production_Crops_Livestock (Asia bulk)
Buffalo,2012,Stocks,2963800.0,An,FAOSTAT Production_Crops_Livestock (Asia bulk)
Buffalo,2013,Stocks,2912842.0,An,FAOSTAT Production_Crops_Livestock (Asia bulk)
Buffalo,2014,Stocks,2847445.0,An,FAOSTAT Production_Crops_Livestock (Asia bulk)
Buffalo,2015,Stocks,2854838.0,An,FAOSTAT Production_Crops_Livestock (Asia bulk)
Buffalo,2016,Stocks,2877091.0,An,FAOSTAT Production_Crops_Livestock (Asia bulk)
Buffalo,2017,Stocks,2881894.0,An,FAOSTAT Production_Crops_Livestock (Asia bulk)
Buffalo,2018,Stocks,2882655.0,An,FAOSTAT Production_Crops_Livestock (Asia bulk)
Buffalo,2019,Stocks,2873561.0,An,FAOSTAT Production_Crops_Livestock (Asia bulk)
Buffalo,2020,Stocks,2865715.0,An,FAOSTAT Production_Crops_Livestock (Asia bulk)
Buffalo,2021,Stocks,2849006.0,An,FAOSTAT Production_Crops_Livestock (Asia bulk)
Buffalo,2022,Stocks,2774471.0,An,FAOSTAT Production_Crops_Livestock (Asia bulk)
Buffalo,2023,Stocks,2776115.0,An,FAOSTAT Production_Crops_Livestock (Asia bulk)
Buffalo,2024,Stocks,2705548.0,An,FAOSTAT Production_Crops_Livestock (Asia bulk)
Cattle,1961,Stocks,1054700.0,An,FAOSTAT Production_Crops_Livestock (Asia bulk)
Cattle,1962,Stocks,1094400.0,An,FAOSTAT Production_Crops_Livestock (Asia bulk)
Cattle,1963,Stocks,1197200.0,An,FAOSTAT Production_Crops_Livestock (Asia bulk)
Cattle,1964,Stocks,1382900.0,An,FAOSTAT Production_Crops_Livestock (Asia bulk)
Cattle,1965,Stocks,1559900.0,An,FAOSTAT Production_Crops_Livestock (Asia bulk)
Cattle,1966,Stocks,1582500.0,An,FAOSTAT Production_Crops_Livestock (Asia bulk)
Cattle,1967,Stocks,1574800.0,An,FAOSTAT Production_Crops_Livestock (Asia bulk)
Cattle,1968,Stocks,1643800.0,An,FAOSTAT Production_Crops_Livestock (Asia bulk)
Cattle,1969,Stocks,1628900.0,An,FAOSTAT Production_Crops_Livestock (Asia bulk)
Cattle,1970,Stocks,1678700.0,An,FAOSTAT Production_Crops_Livestock (Asia bulk)
Cattle,1971,Stocks,1795000.0,An,FAOSTAT Production_Crops_Livestock (Asia bulk)
Cattle,1972,Stocks,1933000.0,An,FAOSTAT Production_Crops_Livestock (Asia bulk)
Cattle,1973,Stocks,2099000.0,An,FAOSTAT Production_Crops_Livestock (Asia bulk)
Cattle,1974,Stocks,1900000.0,An,FAOSTAT Production_Crops_Livestock (Asia bulk)
Cattle,1975,Stocks,1800000.0,An,FAOSTAT Production_Crops_Livestock (Asia bulk)
Cattle,1976,Stocks,1736620.0,An,FAOSTAT Production_Crops_Livestock (Asia bulk)
Cattle,1977,Stocks,1723360.0,An,FAOSTAT Production_Crops_Livestock (Asia bulk)
Cattle,1978,Stocks,1820210.0,An,FAOSTAT Production_Crops_Livestock (Asia bulk)
Cattle,1979,Stocks,1833210.0,An,FAOSTAT Production_Crops_Livestock (Asia bulk)
Cattle,1980,Stocks,1882860.0,An,FAOSTAT Production_Crops_Livestock (Asia bulk)
Cattle,1981,Stocks,1939950.0,An,FAOSTAT Production_Crops_Livestock (Asia bulk)
Cattle,1982,Stocks,1941650.0,An,FAOSTAT Production_Crops_Livestock (Asia bulk)
Cattle,1983,Stocks,1937520.0,An,FAOSTAT Production_Crops_Livestock (Asia bulk)
Cattle,1984,Stocks,1848950.0,An,FAOSTAT Production_Crops_Livestock (Asia bulk)
Cattle,1985,Stocks,1786390.0,An,FAOSTAT Production_Crops_Livestock (Asia bulk)
Cattle,1986,Stocks,1814460.0,An,FAOSTAT Production_Crops_Livestock (Asia bulk)
Cattle,1987,Stocks,1746850.0,An,FAOSTAT Production_Crops_Livestock (Asia bulk)
Cattle,1988,Stocks,1700010.0,An,FAOSTAT Production_Crops_Livestock (Asia bulk)
Cattle,1989,Stocks,1681650.0,An,FAOSTAT Production_Crops_Livestock (Asia bulk)
Cattle,1990,Stocks,1629230.0,An,FAOSTAT Production_Crops_Livestock (Asia bulk)
Cattle,1991,Stocks,1679866.0,An,FAOSTAT Production_Crops_Livestock (Asia bulk)
Cattle,1992,Stocks,1729000.0,An,FAOSTAT Production_Crops_Livestock (Asia bulk)
Cattle,1993,Stocks,1913860.0,An,FAOSTAT Production_Crops_Livestock (Asia bulk)
Cattle,1994,Stocks,1936049.0,An,FAOSTAT Production_Crops_Livestock (Asia bulk)
Cattle,1995,Stocks,2020651.0,An,FAOSTAT Production_Crops_Livestock (Asia bulk)
Cattle,1996,Stocks,2128455.0,An,FAOSTAT Production_Crops_Livestock (Asia bulk)
Cattle,1997,Stocks,2266280.0,An,FAOSTAT Production_Crops_Livestock (Asia bulk)
Cattle,1998,Stocks,2395020.0,An,FAOSTAT Production_Crops_Livestock (Asia bulk)
Cattle,1999,Stocks,2425929.0,An,FAOSTAT Production_Crops_Livestock (Asia bulk)
Cattle,2000,Stocks,2478850.0,An,FAOSTAT Production_Crops_Livestock (Asia bulk)
Cattle,2001,Stocks,2495600.0,An,FAOSTAT Production_Crops_Livestock (Asia bulk)
Cattle,2002,Stocks,2547820.0,An,FAOSTAT Production_Crops_Livestock (Asia bulk)
Cattle,2003,Stocks,2584500.0,An,FAOSTAT Production_Crops_Livestock (Asia bulk)
Cattle,2004,Stocks,2593286.0,An,FAOSTAT Production_Crops_Livestock (Asia bulk)
Cattle,2005,Stocks,2489100.0,An,FAOSTAT Production_Crops_Livestock (Asia bulk)
Cattle,2006,Stocks,2519740.0,An,FAOSTAT Production_Crops_Livestock (Asia bulk)
Cattle,2007,Stocks,2565900.0,An,FAOSTAT Production_Crops_Livestock (Asia bulk)
Cattle,2008,Stocks,2566490.0,An,FAOSTAT Production_Crops_Livestock (Asia bulk)
Cattle,2009,Stocks,2586000.0,An,FAOSTAT Production_Crops_Livestock (Asia bulk)
Cattle,2010,Stocks,2570900.0,An,FAOSTAT Production_Crops_Livestock (Asia bulk)
Cattle,2011,Stocks,2518400.0,An,FAOSTAT Production_Crops_Livestock (Asia bulk)
Cattle,2012,Stocks,2493157.0,An,FAOSTAT Production_Crops_Livestock (Asia bulk)
Cattle,2013,Stocks,2497908.0,An,FAOSTAT Production_Crops_Livestock (Asia bulk)
Cattle,2014,Stocks,2512184.0,An,FAOSTAT Production_Crops_Livestock (Asia bulk)
Cattle,2015,Stocks,2534243.0,An,FAOSTAT Production_Crops_Livestock (Asia bulk)
Cattle,2016,Stocks,2553747.0,An,FAOSTAT Production_Crops_Livestock (Asia bulk)
Cattle,2017,Stocks,2547614.0,An,FAOSTAT Production_Crops_Livestock (Asia bulk)
Cattle,2018,Stocks,2553937.0,An,FAOSTAT Production_Crops_Livestock (Asia bulk)
Cattle,2019,Stocks,2535414.0,An,FAOSTAT Production_Crops_Livestock (Asia bulk)
Cattle,2020,Stocks,2541959.0,An,FAOSTAT Production_Crops_Livestock (Asia bulk)
Cattle,2021,Stocks,2605262.0,An,FAOSTAT Production_Crops_Livestock (Asia bulk)
Cattle,2022,Stocks,2577506.0,An,FAOSTAT Production_Crops_Livestock (Asia bulk)
Cattle,2023,Stocks,2581371.0,An,FAOSTAT Production_Crops_Livestock (Asia bulk)
Cattle,2024,Stocks,2605517.0,An,FAOSTAT Production_Crops_Livestock (Asia bulk)
Chickens,1961,Stocks,49984.0,1000 An,FAOSTAT Production_Crops_Livestock (Asia bulk)
Chickens,1962,Stocks,51354.0,1000 An,FAOSTAT Production_Crops_Livestock (Asia bulk)
Chickens,1963,Stocks,48624.0,1000 An,FAOSTAT Production_Crops_Livestock (Asia bulk)
Chickens,1964,Stocks,51648.0,1000 An,FAOSTAT Production_Crops_Livestock (Asia bulk)
Chickens,1965,Stocks,56929.0,1000 An,FAOSTAT Production_Crops_Livestock (Asia bulk)
Chickens,1966,Stocks,68122.0,1000 An,FAOSTAT Production_Crops_Livestock (Asia bulk)
Chickens,1967,Stocks,66489.0,1000 An,FAOSTAT Production_Crops_Livestock (Asia bulk)
Chickens,1968,Stocks,68403.0,1000 An,FAOSTAT Production_Crops_Livestock (Asia bulk)
Chickens,1969,Stocks,62528.0,1000 An,FAOSTAT Production_Crops_Livestock (Asia bulk)
Chickens,1970,Stocks,56999.0,1000 An,FAOSTAT Production_Crops_Livestock (Asia bulk)
Chickens,1971,Stocks,56512.0,1000 An,FAOSTAT Production_Crops_Livestock (Asia bulk)
Chickens,1972,Stocks,50103.0,1000 An,FAOSTAT Production_Crops_Livestock (Asia bulk)
Chickens,1973,Stocks,49965.0,1000 An,FAOSTAT Production_Crops_Livestock (Asia bulk)
Chickens,1974,Stocks,48000.0,1000 An,FAOSTAT Production_Crops_Livestock (Asia bulk)
Chickens,1975,Stocks,46500.0,1000 An,FAOSTAT Production_Crops_Livestock (Asia bulk)
Chickens,1976,Stocks,45671.0,1000 An,FAOSTAT Production_Crops_Livestock (Asia bulk)
Chickens,1977,Stocks,45289.0,1000 An,FAOSTAT Production_Crops_Livestock (Asia bulk)
Chickens,1978,Stocks,58892.0,1000 An,FAOSTAT Production_Crops_Livestock (Asia bulk)
Chickens,1979,Stocks,49320.0,1000 An,FAOSTAT Production_Crops_Livestock (Asia bulk)
Chickens,1980,Stocks,52761.0,1000 An,FAOSTAT Production_Crops_Livestock (Asia bulk)
Chickens,1981,Stocks,57724.0,1000 An,FAOSTAT Production_Crops_Livestock (Asia bulk)
Chickens,1982,Stocks,59718.0,1000 An,FAOSTAT Production_Crops_Livestock (Asia bulk)
Chickens,1983,Stocks,62255.0,1000 An,FAOSTAT Production_Crops_Livestock (Asia bulk)
Chickens,1984,Stocks,59161.0,1000 An,FAOSTAT Production_Crops_Livestock (Asia bulk)
Chickens,1985,Stocks,52399.0,1000 An,FAOSTAT Production_Crops_Livestock (Asia bulk)
Chickens,1986,Stocks,53007.0,1000 An,FAOSTAT Production_Crops_Livestock (Asia bulk)
Chickens,1987,Stocks,53248.0,1000 An,FAOSTAT Production_Crops_Livestock (Asia bulk)
Chickens,1988,Stocks,60321.0,1000 An,FAOSTAT Production_Crops_Livestock (Asia bulk)
Chickens,1989,Stocks,70020.0,1000 An,FAOSTAT Production_Crops_Livestock (Asia bulk)
Chickens,1990,Stocks,82300.0,1000 An,FAOSTAT Production_Crops_Livestock (Asia bulk)
Chickens,1991,Stocks,78240.0,1000 An,FAOSTAT Production_Crops_Livestock (Asia bulk)
Chickens,1992,Stocks,81525.0,1000 An,FAOSTAT Production_Crops_Livestock (Asia bulk)
Chickens,1993,Stocks,87158.0,1000 An,FAOSTAT Production_Crops_Livestock (Asia bulk)
Chickens,1994,Stocks,93110.0,1000 An,FAOSTAT Production_Crops_Livestock (Asia bulk)
Chickens,1995,Stocks,96216.0,1000 An,FAOSTAT Production_Crops_Livestock (Asia bulk)
Chickens,1996,Stocks,115782.0,1000 An,FAOSTAT Production_Crops_Livestock (Asia bulk)
Chickens,1997,Stocks,134963.0,1000 An,FAOSTAT Production_Crops_Livestock (Asia bulk)
Chickens,1998,Stocks,137675.0,1000 An,FAOSTAT Production_Crops_Livestock (Asia bulk)
Chickens,1999,Stocks,114000.0,1000 An,FAOSTAT Production_Crops_Livestock (Asia bulk)
Chickens,2000,Stocks,115187.0,1000 An,FAOSTAT Production_Crops_Livestock (Asia bulk)
Chickens,2001,Stocks,115606.0,1000 An,FAOSTAT Production_Crops_Livestock (Asia bulk)
Chickens,2002,Stocks,126831.0,1000 An,FAOSTAT Production_Crops_Livestock (Asia bulk)
Chickens,2003,Stocks,128216.0,1000 An,FAOSTAT Production_Crops_Livestock (Asia bulk)
Chickens,2004,Stocks,122010.0,1000 An,FAOSTAT Production_Crops_Livestock (Asia bulk)
Chickens,2005,Stocks,136001.0,1000 An,FAOSTAT Production_Crops_Livestock (Asia bulk)
Chickens,2006,Stocks,134332.0,1000 An,FAOSTAT Production_Crops_Livestock (Asia bulk)
Chickens,2007,Stocks,135640.0,1000 An,FAOSTAT Production_Crops_Livestock (Asia bulk)
Chickens,2008,Stocks,154272.0,1000 An,FAOSTAT Production_Crops_Livestock (Asia bulk)
Chickens,2009,Stocks,158663.0,1000 An,FAOSTAT Production_Crops_Livestock (Asia bulk)
Chickens,2010,Stocks,158984.0,1000 An,FAOSTAT Production_Crops_Livestock (Asia bulk)
Chickens,2011,Stocks,162813.0,1000 An,FAOSTAT Production_Crops_Livestock (Asia bulk)
Chickens,2012,Stocks,164192.0,1000 An,FAOSTAT Production_Crops_Livestock (Asia bulk)
Chickens,2013,Stocks,163386.0,1000 An,FAOSTAT Production_Crops_Livestock (Asia bulk)
Chickens,2014,Stocks,167671.0,1000 An,FAOSTAT Production_Crops_Livestock (Asia bulk)
Chickens,2015,Stocks,176469.0,1000 An,FAOSTAT Production_Crops_Livestock (Asia bulk)
Chickens,2016,Stocks,178793.0,1000 An,FAOSTAT Production_Crops_Livestock (Asia bulk)
Chickens,2017,Stocks,175317.0,1000 An,FAOSTAT Production_Crops_Livestock (Asia bulk)
Chickens,2018,Stocks,175772.0,1000 An,FAOSTAT Production_Crops_Livestock (Asia bulk)
Chickens,2019,Stocks,186370.0,1000 An,FAOSTAT Production_Crops_Livestock (Asia bulk)
Chickens,2020,Stocks,178265.0,1000 An,FAOSTAT Production_Crops_Livestock (Asia bulk)
Chickens,2021,Stocks,176820.0,1000 An,FAOSTAT Production_Crops_Livestock (Asia bulk)
Chickens,2022,Stocks,185102.0,1000 An,FAOSTAT Production_Crops_Livestock (Asia bulk)
Chickens,2023,Stocks,191203.0,1000 An,FAOSTAT Production_Crops_Livestock (Asia bulk)
Chickens,2024,Stocks,199831.0,1000 An,FAOSTAT Production_Crops_Livestock (Asia bulk)
Ducks,1961,Stocks,1784.0,1000 An,FAOSTAT Production_Crops_Livestock (Asia bulk)
Ducks,1962,Stocks,1934.0,1000 An,FAOSTAT Production_Crops_Livestock (Asia bulk)
Ducks,1963,Stocks,1594.0,1000 An,FAOSTAT Production_Crops_Livestock (Asia bulk)
Ducks,1964,Stocks,1602.0,1000 An,FAOSTAT Production_Crops_Livestock (Asia bulk)
Ducks,1965,Stocks,1478.0,1000 An,FAOSTAT Production_Crops_Livestock (Asia bulk)
Ducks,1966,Stocks,2034.0,1000 An,FAOSTAT Production_Crops_Livestock (Asia bulk)
Ducks,1967,Stocks,2328.0,1000 An,FAOSTAT Production_Crops_Livestock (Asia bulk)
Ducks,1968,Stocks,2402.0,1000 An,FAOSTAT Production_Crops_Livestock (Asia bulk)
Ducks,1969,Stocks,2279.0,1000 An,FAOSTAT Production_Crops_Livestock (Asia bulk)
Ducks,1970,Stocks,2132.0,1000 An,FAOSTAT Production_Crops_Livestock (Asia bulk)
Ducks,1971,Stocks,2352.0,1000 An,FAOSTAT Production_Crops_Livestock (Asia bulk)
Ducks,1972,Stocks,2600.0,1000 An,FAOSTAT Production_Crops_Livestock (Asia bulk)
Ducks,1973,Stocks,2906.0,1000 An,FAOSTAT Production_Crops_Livestock (Asia bulk)
Ducks,1974,Stocks,3400.0,1000 An,FAOSTAT Production_Crops_Livestock (Asia bulk)
Ducks,1975,Stocks,3800.0,1000 An,FAOSTAT Production_Crops_Livestock (Asia bulk)
Ducks,1976,Stocks,4104.0,1000 An,FAOSTAT Production_Crops_Livestock (Asia bulk)
Ducks,1977,Stocks,4228.0,1000 An,FAOSTAT Production_Crops_Livestock (Asia bulk)
Ducks,1978,Stocks,5365.0,1000 An,FAOSTAT Production_Crops_Livestock (Asia bulk)
Ducks,1979,Stocks,5338.0,1000 An,FAOSTAT Production_Crops_Livestock (Asia bulk)
Ducks,1980,Stocks,4725.0,1000 An,FAOSTAT Production_Crops_Livestock (Asia bulk)
Ducks,1981,Stocks,4783.0,1000 An,FAOSTAT Production_Crops_Livestock (Asia bulk)
Ducks,1982,Stocks,4905.0,1000 An,FAOSTAT Production_Crops_Livestock (Asia bulk)
Ducks,1983,Stocks,5419.0,1000 An,FAOSTAT Production_Crops_Livestock (Asia bulk)
Ducks,1984,Stocks,5764.0,1000 An,FAOSTAT Production_Crops_Livestock (Asia bulk)
Ducks,1985,Stocks,5294.0,1000 An,FAOSTAT Production_Crops_Livestock (Asia bulk)
Ducks,1986,Stocks,5002.0,1000 An,FAOSTAT Production_Crops_Livestock (Asia bulk)
Ducks,1987,Stocks,5252.0,1000 An,FAOSTAT Production_Crops_Livestock (Asia bulk)
Ducks,1988,Stocks,5838.0,1000 An,FAOSTAT Production_Crops_Livestock (Asia bulk)
Ducks,1989,Stocks,6500.0,1000 An,FAOSTAT Production_Crops_Livestock (Asia bulk)
Ducks,1990,Stocks,7236.0,1000 An,FAOSTAT Production_Crops_Livestock (Asia bulk)
Ducks,1991,Stocks,8268.0,1000 An,FAOSTAT Production_Crops_Livestock (Asia bulk)
Ducks,1992,Stocks,8504.0,1000 An,FAOSTAT Production_Crops_Livestock (Asia bulk)
Ducks,1993,Stocks,8787.0,1000 An,FAOSTAT Production_Crops_Livestock (Asia bulk)
Ducks,1994,Stocks,9500.0,1000 An,FAOSTAT Production_Crops_Livestock (Asia bulk)
Ducks,1995,Stocks,10000.0,1000 An,FAOSTAT Production_Crops_Livestock (Asia bulk)
Ducks,1996,Stocks,10000.0,1000 An,FAOSTAT Production_Crops_Livestock (Asia bulk)
Ducks,1997,Stocks,10000.0,1000 An,FAOSTAT Production_Crops_Livestock (Asia bulk)
Ducks,1998,Stocks,10700.0,1000 An,FAOSTAT Production_Crops_Livestock (Asia bulk)
Ducks,1999,Stocks,9000.0,1000 An,FAOSTAT Production_Crops_Livestock (Asia bulk)
Ducks,2000,Stocks,10000.0,1000 An,FAOSTAT Production_Crops_Livestock (Asia bulk)
Ducks,2001,Stocks,10000.0,1000 An,FAOSTAT Production_Crops_Livestock (Asia bulk)
Ducks,2002,Stocks,9911.0,1000 An,FAOSTAT Production_Crops_Livestock (Asia bulk)
Ducks,2003,Stocks,9807.0,1000 An,FAOSTAT Production_Crops_Livestock (Asia bulk)
Ducks,2004,Stocks,10211.0,1000 An,FAOSTAT Production_Crops_Livestock (Asia bulk)
Ducks,2005,Stocks,10439.0,1000 An,FAOSTAT Production_Crops_Livestock (Asia bulk)
Ducks,2006,Stocks,11147.0,1000 An,FAOSTAT Production_Crops_Livestock (Asia bulk)
Ducks,2007,Stocks,10162.0,1000 An,FAOSTAT Production_Crops_Livestock (Asia bulk)
Ducks,2008,Stocks,10508.0,1000 An,FAOSTAT Production_Crops_Livestock (Asia bulk)
Ducks,2009,Stocks,10577.0,1000 An,FAOSTAT Production_Crops_Livestock (Asia bulk)
Ducks,2010,Stocks,10268.0,1000 An,FAOSTAT Production_Crops_Livestock (Asia bulk)
Ducks,2011,Stocks,10126.0,1000 An,FAOSTAT Production_Crops_Livestock (Asia bulk)
Ducks,2012,Stocks,10011.0,1000 An,FAOSTAT Production_Crops_Livestock (Asia bulk)
Ducks,2013,Stocks,10135.0,1000 An,FAOSTAT Production_Crops_Livestock (Asia bulk)
Ducks,2014,Stocks,9886.0,1000 An,FAOSTAT Production_Crops_Livestock (Asia bulk)
Ducks,2015,Stocks,10067.0,1000 An,FAOSTAT Production_Crops_Livestock (Asia bulk)
Ducks,2016,Stocks,10519.0,1000 An,FAOSTAT Production_Crops_Livestock (Asia bulk)
Ducks,2017,Stocks,10842.0,1000 An,FAOSTAT Production_Crops_Livestock (Asia bulk)
Ducks,2018,Stocks,11220.0,1000 An,FAOSTAT Production_Crops_Livestock (Asia bulk)
Ducks,2019,Stocks,11577.0,1000 An,FAOSTAT Production_Crops_Livestock (Asia bulk)
Ducks,2020,Stocks,11794.0,1000 An,FAOSTAT Production_Crops_Livestock (Asia bulk)
Ducks,2021,Stocks,12512.0,1000 An,FAOSTAT Production_Crops_Livestock (Asia bulk)
Ducks,2022,Stocks,12000.0,1000 An,FAOSTAT Production_Crops_Livestock (Asia bulk)
Ducks,2023,Stocks,13519.0,1000 An,FAOSTAT Production_Crops_Livestock (Asia bulk)
Ducks,2024,Stocks,14028.0,1000 An,FAOSTAT Production_Crops_Livestock (Asia bulk)
Goats,1961,Stocks,532300.0,An,FAOSTAT Production_Crops_Livestock (Asia bulk)
Goats,1962,Stocks,628300.0,An,FAOSTAT Production_Crops_Livestock (Asia bulk)
Goats,1963,Stocks,483500.0,An,FAOSTAT Production_Crops_Livestock (Asia bulk)
Goats,1964,Stocks,557500.0,An,FAOSTAT Production_Crops_Livestock (Asia bulk)
Goats,1965,Stocks,605500.0,An,FAOSTAT Production_Crops_Livestock (Asia bulk)
Goats,1966,Stocks,616400.0,An,FAOSTAT Production_Crops_Livestock (Asia bulk)
Goats,1967,Stocks,599000.0,An,FAOSTAT Production_Crops_Livestock (Asia bulk)
Goats,1968,Stocks,623500.0,An,FAOSTAT Production_Crops_Livestock (Asia bulk)
Goats,1969,Stocks,698300.0,An,FAOSTAT Production_Crops_Livestock (Asia bulk)
Goats,1970,Stocks,771600.0,An,FAOSTAT Production_Crops_Livestock (Asia bulk)
Goats,1971,Stocks,924300.0,An,FAOSTAT Production_Crops_Livestock (Asia bulk)
Goats,1972,Stocks,1082600.0,An,FAOSTAT Production_Crops_Livestock (Asia bulk)
Goats,1973,Stocks,1700000.0,An,FAOSTAT Production_Crops_Livestock (Asia bulk)
Goats,1974,Stocks,1780000.0,An,FAOSTAT Production_Crops_Livestock (Asia bulk)
Goats,1975,Stocks,2025000.0,An,FAOSTAT Production_Crops_Livestock (Asia bulk)
Goats,1976,Stocks,2030000.0,An,FAOSTAT Production_Crops_Livestock (Asia bulk)
Goats,1977,Stocks,2100000.0,An,FAOSTAT Production_Crops_Livestock (Asia bulk)
Goats,1978,Stocks,2290000.0,An,FAOSTAT Production_Crops_Livestock (Asia bulk)
Goats,1979,Stocks,2230000.0,An,FAOSTAT Production_Crops_Livestock (Asia bulk)
Goats,1980,Stocks,2960000.0,An,FAOSTAT Production_Crops_Livestock (Asia bulk)
Goats,1981,Stocks,2970000.0,An,FAOSTAT Production_Crops_Livestock (Asia bulk)
Goats,1982,Stocks,3120000.0,An,FAOSTAT Production_Crops_Livestock (Asia bulk)
Goats,1983,Stocks,3340000.0,An,FAOSTAT Production_Crops_Livestock (Asia bulk)
Goats,1984,Stocks,3270000.0,An,FAOSTAT Production_Crops_Livestock (Asia bulk)
Goats,1985,Stocks,3860000.0,An,FAOSTAT Production_Crops_Livestock (Asia bulk)
Goats,1986,Stocks,4020000.0,An,FAOSTAT Production_Crops_Livestock (Asia bulk)
Goats,1987,Stocks,4500000.0,An,FAOSTAT Production_Crops_Livestock (Asia bulk)
Goats,1988,Stocks,4770000.0,An,FAOSTAT Production_Crops_Livestock (Asia bulk)
Goats,1989,Stocks,5100000.0,An,FAOSTAT Production_Crops_Livestock (Asia bulk)
Goats,1990,Stocks,4790000.0,An,FAOSTAT Production_Crops_Livestock (Asia bulk)
Goats,1991,Stocks,5060000.0,An,FAOSTAT Production_Crops_Livestock (Asia bulk)
Goats,1992,Stocks,5215000.0,An,FAOSTAT Production_Crops_Livestock (Asia bulk)
Goats,1993,Stocks,5730000.0,An,FAOSTAT Production_Crops_Livestock (Asia bulk)
Goats,1994,Stocks,5995000.0,An,FAOSTAT Production_Crops_Livestock (Asia bulk)
Goats,1995,Stocks,6183000.0,An,FAOSTAT Production_Crops_Livestock (Asia bulk)
Goats,1996,Stocks,6230000.0,An,FAOSTAT Production_Crops_Livestock (Asia bulk)
Goats,1997,Stocks,6300000.0,An,FAOSTAT Production_Crops_Livestock (Asia bulk)
Goats,1998,Stocks,6000000.0,An,FAOSTAT Production_Crops_Livestock (Asia bulk)
Goats,1999,Stocks,6125000.0,An,FAOSTAT Production_Crops_Livestock (Asia bulk)
Goats,2000,Stocks,6245000.0,An,FAOSTAT Production_Crops_Livestock (Asia bulk)
Goats,2001,Stocks,6197000.0,An,FAOSTAT Production_Crops_Livestock (Asia bulk)
Goats,2002,Stocks,6250000.0,An,FAOSTAT Production_Crops_Livestock (Asia bulk)
Goats,2003,Stocks,6200000.0,An,FAOSTAT Production_Crops_Livestock (Asia bulk)
Goats,2004,Stocks,6365000.0,An,FAOSTAT Production_Crops_Livestock (Asia bulk)
Goats,2005,Stocks,6700000.0,An,FAOSTAT Production_Crops_Livestock (Asia bulk)
Goats,2006,Stocks,4200000.0,An,FAOSTAT Production_Crops_Livestock (Asia bulk)
Goats,2007,Stocks,4046000.0,An,FAOSTAT Production_Crops_Livestock (Asia bulk)
Goats,2008,Stocks,4174000.0,An,FAOSTAT Production_Crops_Livestock (Asia bulk)
Goats,2009,Stocks,4222000.0,An,FAOSTAT Production_Crops_Livestock (Asia bulk)
Goats,2010,Stocks,4177700.0,An,FAOSTAT Production_Crops_Livestock (Asia bulk)
Goats,2011,Stocks,3881500.0,An,FAOSTAT Production_Crops_Livestock (Asia bulk)
Goats,2012,Stocks,3715228.0,An,FAOSTAT Production_Crops_Livestock (Asia bulk)
Goats,2013,Stocks,3694025.0,An,FAOSTAT Production_Crops_Livestock (Asia bulk)
Goats,2014,Stocks,3695627.0,An,FAOSTAT Production_Crops_Livestock (Asia bulk)
Goats,2015,Stocks,3674186.0,An,FAOSTAT Production_Crops_Livestock (Asia bulk)
Goats,2016,Stocks,3663060.0,An,FAOSTAT Production_Crops_Livestock (Asia bulk)
Goats,2017,Stocks,3710348.0,An,FAOSTAT Production_Crops_Livestock (Asia bulk)
Goats,2018,Stocks,3724808.0,An,FAOSTAT Production_Crops_Livestock (Asia bulk)
Goats,2019,Stocks,3755879.0,An,FAOSTAT Production_Crops_Livestock (Asia bulk)
Goats,2020,Stocks,3813454.0,An,FAOSTAT Production_Crops_Livestock (Asia bulk)
Goats,2021,Stocks,3868337.0,An,FAOSTAT Production_Crops_Livestock (Asia bulk)
Goats,2022,Stocks,3908131.0,An,FAOSTAT Production_Crops_Livestock (Asia bulk)
Goats,2023,Stocks,3902482.0,An,FAOSTAT Production_Crops_Livestock (Asia bulk)
Goats,2024,Stocks,3824485.0,An,FAOSTAT Production_Crops_Livestock (Asia bulk)
Swine / pigs,1961,Stocks,5142000.0,An,FAOSTAT Production_Crops_Livestock (Asia bulk)
Swine / pigs,1962,Stocks,6725700.0,An,FAOSTAT Production_Crops_Livestock (Asia bulk)
Swine / pigs,1963,Stocks,6233700.0,An,FAOSTAT Production_Crops_Livestock (Asia bulk)
Swine / pigs,1964,Stocks,6616400.0,An,FAOSTAT Production_Crops_Livestock (Asia bulk)
Swine / pigs,1965,Stocks,6938500.0,An,FAOSTAT Production_Crops_Livestock (Asia bulk)
Swine / pigs,1966,Stocks,6914000.0,An,FAOSTAT Production_Crops_Livestock (Asia bulk)
Swine / pigs,1967,Stocks,5496700.0,An,FAOSTAT Production_Crops_Livestock (Asia bulk)
Swine / pigs,1968,Stocks,6090200.0,An,FAOSTAT Production_Crops_Livestock (Asia bulk)
Swine / pigs,1969,Stocks,6349700.0,An,FAOSTAT Production_Crops_Livestock (Asia bulk)
Swine / pigs,1970,Stocks,6455600.0,An,FAOSTAT Production_Crops_Livestock (Asia bulk)
Swine / pigs,1971,Stocks,7050300.0,An,FAOSTAT Production_Crops_Livestock (Asia bulk)
Swine / pigs,1972,Stocks,7742300.0,An,FAOSTAT Production_Crops_Livestock (Asia bulk)
Swine / pigs,1973,Stocks,8627100.0,An,FAOSTAT Production_Crops_Livestock (Asia bulk)
Swine / pigs,1974,Stocks,7800000.0,An,FAOSTAT Production_Crops_Livestock (Asia bulk)
Swine / pigs,1975,Stocks,7000000.0,An,FAOSTAT Production_Crops_Livestock (Asia bulk)
Swine / pigs,1976,Stocks,6489200.0,An,FAOSTAT Production_Crops_Livestock (Asia bulk)
Swine / pigs,1977,Stocks,5696430.0,An,FAOSTAT Production_Crops_Livestock (Asia bulk)
Swine / pigs,1978,Stocks,6909900.0,An,FAOSTAT Production_Crops_Livestock (Asia bulk)
Swine / pigs,1979,Stocks,7444700.0,An,FAOSTAT Production_Crops_Livestock (Asia bulk)
Swine / pigs,1980,Stocks,7933630.0,An,FAOSTAT Production_Crops_Livestock (Asia bulk)
Swine / pigs,1981,Stocks,7758120.0,An,FAOSTAT Production_Crops_Livestock (Asia bulk)
Swine / pigs,1982,Stocks,7794610.0,An,FAOSTAT Production_Crops_Livestock (Asia bulk)
Swine / pigs,1983,Stocks,7979600.0,An,FAOSTAT Production_Crops_Livestock (Asia bulk)
Swine / pigs,1984,Stocks,7612650.0,An,FAOSTAT Production_Crops_Livestock (Asia bulk)
Swine / pigs,1985,Stocks,7303980.0,An,FAOSTAT Production_Crops_Livestock (Asia bulk)
Swine / pigs,1986,Stocks,7274830.0,An,FAOSTAT Production_Crops_Livestock (Asia bulk)
Swine / pigs,1987,Stocks,7038030.0,An,FAOSTAT Production_Crops_Livestock (Asia bulk)
Swine / pigs,1988,Stocks,7580520.0,An,FAOSTAT Production_Crops_Livestock (Asia bulk)
Swine / pigs,1989,Stocks,7908500.0,An,FAOSTAT Production_Crops_Livestock (Asia bulk)
Swine / pigs,1990,Stocks,7989990.0,An,FAOSTAT Production_Crops_Livestock (Asia bulk)
Swine / pigs,1991,Stocks,8006000.0,An,FAOSTAT Production_Crops_Livestock (Asia bulk)
Swine / pigs,1992,Stocks,8021897.0,An,FAOSTAT Production_Crops_Livestock (Asia bulk)
Swine / pigs,1993,Stocks,7953670.0,An,FAOSTAT Production_Crops_Livestock (Asia bulk)
Swine / pigs,1994,Stocks,8226530.0,An,FAOSTAT Production_Crops_Livestock (Asia bulk)
Swine / pigs,1995,Stocks,8941190.0,An,FAOSTAT Production_Crops_Livestock (Asia bulk)
Swine / pigs,1996,Stocks,9025950.0,An,FAOSTAT Production_Crops_Livestock (Asia bulk)
Swine / pigs,1997,Stocks,9752180.0,An,FAOSTAT Production_Crops_Livestock (Asia bulk)
Swine / pigs,1998,Stocks,10210000.0,An,FAOSTAT Production_Crops_Livestock (Asia bulk)
Swine / pigs,1999,Stocks,10397000.0,An,FAOSTAT Production_Crops_Livestock (Asia bulk)
Swine / pigs,2000,Stocks,10712900.0,An,FAOSTAT Production_Crops_Livestock (Asia bulk)
Swine / pigs,2001,Stocks,11063140.0,An,FAOSTAT Production_Crops_Livestock (Asia bulk)
Swine / pigs,2002,Stocks,11652700.0,An,FAOSTAT Production_Crops_Livestock (Asia bulk)
Swine / pigs,2003,Stocks,12364300.0,An,FAOSTAT Production_Crops_Livestock (Asia bulk)
Swine / pigs,2004,Stocks,12561690.0,An,FAOSTAT Production_Crops_Livestock (Asia bulk)
Swine / pigs,2005,Stocks,12139690.0,An,FAOSTAT Production_Crops_Livestock (Asia bulk)
Swine / pigs,2006,Stocks,13046680.0,An,FAOSTAT Production_Crops_Livestock (Asia bulk)
Swine / pigs,2007,Stocks,13459330.0,An,FAOSTAT Production_Crops_Livestock (Asia bulk)
Swine / pigs,2008,Stocks,13070120.0,An,FAOSTAT Production_Crops_Livestock (Asia bulk)
Swine / pigs,2009,Stocks,13596400.0,An,FAOSTAT Production_Crops_Livestock (Asia bulk)
Swine / pigs,2010,Stocks,13397800.0,An,FAOSTAT Production_Crops_Livestock (Asia bulk)
Swine / pigs,2011,Stocks,12303100.0,An,FAOSTAT Production_Crops_Livestock (Asia bulk)
Swine / pigs,2012,Stocks,11863021.0,An,FAOSTAT Production_Crops_Livestock (Asia bulk)
Swine / pigs,2013,Stocks,11843051.0,An,FAOSTAT Production_Crops_Livestock (Asia bulk)
Swine / pigs,2014,Stocks,11801656.0,An,FAOSTAT Production_Crops_Livestock (Asia bulk)
Swine / pigs,2015,Stocks,11999722.0,An,FAOSTAT Production_Crops_Livestock (Asia bulk)
Swine / pigs,2016,Stocks,12478711.0,An,FAOSTAT Production_Crops_Livestock (Asia bulk)
Swine / pigs,2017,Stocks,12427790.0,An,FAOSTAT Production_Crops_Livestock (Asia bulk)
Swine / pigs,2018,Stocks,12604441.0,An,FAOSTAT Production_Crops_Livestock (Asia bulk)
Swine / pigs,2019,Stocks,12709248.0,An,FAOSTAT Production_Crops_Livestock (Asia bulk)
Swine / pigs,2020,Stocks,12795721.0,An,FAOSTAT Production_Crops_Livestock (Asia bulk)
Swine / pigs,2021,Stocks,9943119.0,An,FAOSTAT Production_Crops_Livestock (Asia bulk)
Swine / pigs,2022,Stocks,9426092.0,An,FAOSTAT Production_Crops_Livestock (Asia bulk)
Swine / pigs,2023,Stocks,9765636.0,An,FAOSTAT Production_Crops_Livestock (Asia bulk)
Swine / pigs,2024,Stocks,9566230.0,An,FAOSTAT Production_Crops_Livestock (Asia bulk)
