iso2,iso3,country,region,income_group,gni_per_capita_usd,year,works,diamond_works,gold_works,hybrid_works,bronze_works,green_works,closed_works,diamond_pct,gold_pct,hybrid_pct,bronze_pct,green_pct,closed_pct,apc_paid_works,apc_paid_pct,source
US,USA,United States,North America,High income,82910,2023,1292604,96421,253040,102384,110107,318409,412243,7.46,19.58,7.92,8.52,24.63,31.89,242295,18.74,"OpenAlex, api.openalex.org"
CN,CHN,China,East Asia & Pacific,Upper middle income,13660,2023,1135881,72995,284440,60827,50776,124189,542654,6.43,25.04,5.36,4.47,10.93,47.77,288414,25.39,"OpenAlex, api.openalex.org"
ID,IDN,Indonesia,East Asia & Pacific,Upper middle income,4920,2023,459858,292503,48432,66133,20359,10543,21888,63.61,10.53,14.38,4.43,2.29,4.76,38456,8.36,"OpenAlex, api.openalex.org"
IN,IND,India,South Asia,Lower middle income,2550,2023,426475,84131,51909,27684,25312,38088,199351,19.73,12.17,6.49,5.94,8.93,46.74,45062,10.57,"OpenAlex, api.openalex.org"
GB,GBR,United Kingdom,Europe & Central Asia,High income,49320,2023,371836,25834,85763,68395,30283,67373,94188,6.95,23.06,18.39,8.14,18.12,25.33,109503,29.45,"OpenAlex, api.openalex.org"
DE,DEU,Germany,Europe & Central Asia,High income,55090,2023,322797,16249,77046,52906,18798,54008,103790,5.03,23.87,16.39,5.82,16.73,32.15,90557,28.05,"OpenAlex, api.openalex.org"
FR,FRA,France,Europe & Central Asia,High income,45160,2023,284871,18059,43295,21878,16575,76725,108339,6.34,15.2,7.68,5.82,26.93,38.03,42824,15.03,"OpenAlex, api.openalex.org"
BR,BRA,Brazil,Latin America & Caribbean ,Upper middle income,9930,2023,259264,110494,46202,15925,14299,35187,37157,42.62,17.82,6.14,5.52,13.57,14.33,29974,11.56,"OpenAlex, api.openalex.org"
IT,ITA,Italy,Europe & Central Asia,High income,38640,2023,210181,15594,60713,30831,14764,33344,54935,7.42,28.89,14.67,7.02,15.86,26.14,72377,34.44,"OpenAlex, api.openalex.org"
JP,JPN,Japan,East Asia & Pacific,High income,37170,2023,201329,28772,45942,15881,15847,27559,67328,14.29,22.82,7.89,7.87,13.69,33.44,48008,23.85,"OpenAlex, api.openalex.org"
ES,ESP,Spain,Europe & Central Asia,High income,33550,2023,197216,36199,48012,27218,13329,35691,36767,18.36,24.34,13.8,6.76,18.1,18.64,56625,28.71,"OpenAlex, api.openalex.org"
CA,CAN,Canada,North America,High income,54110,2023,190522,14810,45059,20691,15021,28311,66630,7.77,23.65,10.86,7.88,14.86,34.97,47276,24.81,"OpenAlex, api.openalex.org"
RU,RUS,Russia,Europe & Central Asia,High income,15330,2023,183751,51546,21179,15243,18977,11584,65222,28.05,11.53,8.3,10.33,6.3,35.49,19175,10.44,"OpenAlex, api.openalex.org"
AU,AUS,Australia,East Asia & Pacific,High income,62680,2023,160202,8470,37070,29707,12094,25620,47241,5.29,23.14,18.54,7.55,15.99,29.49,52187,32.58,"OpenAlex, api.openalex.org"
TR,TUR,Turkey,Europe & Central Asia,Upper middle income,13430,2023,149064,48866,16738,12905,15226,21836,33493,32.78,11.23,8.66,10.21,14.65,22.47,15134,10.15,"OpenAlex, api.openalex.org"
KR,KOR,South Korea,East Asia & Pacific,High income,36750,2023,130195,14797,38130,9336,8431,14229,45272,11.37,29.29,7.17,6.48,10.93,34.77,38798,29.8,"OpenAlex, api.openalex.org"
NL,NLD,Netherlands,Europe & Central Asia,High income,62500,2023,108297,6341,28703,24124,9229,24267,15633,5.86,26.5,22.28,8.52,22.41,14.44,38337,35.4,"OpenAlex, api.openalex.org"
CH,CHE,Switzerland,Europe & Central Asia,High income,99920,2023,93655,6308,24692,16741,6452,19055,20407,6.74,26.36,17.88,6.89,20.35,21.79,29357,31.35,"OpenAlex, api.openalex.org"
PL,POL,Poland,Europe & Central Asia,High income,21590,2023,93336,26240,24740,10204,5951,10000,16201,28.11,26.51,10.93,6.38,10.71,17.36,28295,30.32,"OpenAlex, api.openalex.org"
IR,IRN,Iran,"Middle East, North Africa, Afghanistan & Pakistan",Upper middle income,5130,2023,88437,12778,19500,7416,2999,11825,33919,14.45,22.05,8.39,3.39,13.37,38.35,19133,21.63,"OpenAlex, api.openalex.org"
SA,SAU,Saudi Arabia,"Middle East, North Africa, Afghanistan & Pakistan",High income,35990,2023,74873,10047,27604,6156,3046,5467,22553,13.42,36.87,8.22,4.07,7.3,30.12,29784,39.78,"OpenAlex, api.openalex.org"
MY,MYS,Malaysia,East Asia & Pacific,Upper middle income,11650,2023,69111,20857,13225,5904,4887,5003,19235,30.18,19.14,8.54,7.07,7.24,27.83,12572,18.19,"OpenAlex, api.openalex.org"
SE,SWE,Sweden,Europe & Central Asia,High income,58510,2023,68932,4652,18712,16778,4750,11804,12236,6.75,27.15,24.34,6.89,17.12,17.75,26821,38.91,"OpenAlex, api.openalex.org"
MX,MEX,Mexico,Latin America & Caribbean ,Upper middle income,12760,2023,67971,23576,13424,5899,4141,7462,13469,34.69,19.75,8.68,6.09,10.98,19.82,11501,16.92,"OpenAlex, api.openalex.org"
PK,PAK,Pakistan,"Middle East, North Africa, Afghanistan & Pakistan",Lower middle income,1430,2023,67683,20103,15987,5454,2623,6070,17446,29.7,23.62,8.06,3.88,8.97,25.78,15872,23.45,"OpenAlex, api.openalex.org"
BE,BEL,Belgium,Europe & Central Asia,High income,55290,2023,66710,4560,16178,7158,6340,17621,14853,6.84,24.25,10.73,9.5,26.41,22.27,16302,24.44,"OpenAlex, api.openalex.org"
EG,EGY,Egypt,"Middle East, North Africa, Afghanistan & Pakistan",Lower middle income,3510,2023,65329,14270,16997,5778,7394,4281,16609,21.84,26.02,8.84,11.32,6.55,25.42,19568,29.95,"OpenAlex, api.openalex.org"
PT,PRT,Portugal,Europe & Central Asia,High income,26940,2023,64352,12396,16620,7761,4101,9262,14212,19.26,25.83,12.06,6.37,14.39,22.08,17298,26.88,"OpenAlex, api.openalex.org"
UA,UKR,Ukraine,Europe & Central Asia,Upper middle income,5230,2023,61915,28501,9039,5254,6884,3864,8373,46.03,14.6,8.49,11.12,6.24,13.52,5384,8.7,"OpenAlex, api.openalex.org"
DK,DNK,Denmark,Europe & Central Asia,High income,72540,2023,54942,2610,13277,9214,3957,12181,13703,4.75,24.17,16.77,7.2,22.17,24.94,17352,31.58,"OpenAlex, api.openalex.org"
TW,,Taiwan,,,10373.3764753093,2023,54883,3645,16036,3281,3585,6160,22176,6.64,29.22,5.98,6.53,11.22,40.41,15870,28.92,"OpenAlex, api.openalex.org"
AT,AUT,Austria,Europe & Central Asia,High income,54760,2023,49307,3094,12412,10093,3168,7980,12560,6.27,25.17,20.47,6.43,16.18,25.47,16378,33.22,"OpenAlex, api.openalex.org"
HK,HKG,Hong Kong,East Asia & Pacific,High income,57410,2023,48353,2198,10871,3695,3067,8410,20112,4.55,22.48,7.64,6.34,17.39,41.59,11366,23.51,"OpenAlex, api.openalex.org"
ZA,ZAF,South Africa,Sub-Saharan Africa ,Upper middle income,6110,2023,47983,5393,15665,6518,2265,5823,12319,11.24,32.65,13.58,4.72,12.14,25.67,17614,36.71,"OpenAlex, api.openalex.org"
NG,NGA,Nigeria,Sub-Saharan Africa ,Lower middle income,1710,2023,47472,16868,7579,5968,3489,5597,7971,35.53,15.97,12.57,7.35,11.79,16.79,6756,14.23,"OpenAlex, api.openalex.org"
NO,NOR,Norway,Europe & Central Asia,High income,100030,2023,47013,4338,13012,9435,2569,8512,9147,9.23,27.68,20.07,5.46,18.11,19.46,15989,34.01,"OpenAlex, api.openalex.org"
CZ,CZE,Czechia,Europe & Central Asia,High income,29570,2023,43796,6687,10360,6091,3289,7017,10352,15.27,23.66,13.91,7.51,16.02,23.64,11243,25.67,"OpenAlex, api.openalex.org"
IQ,IRQ,Iraq,"Middle East, North Africa, Afghanistan & Pakistan",Upper middle income,6030,2023,40152,16194,7733,3412,2388,2049,8376,40.33,19.26,8.5,5.95,5.1,20.86,7528,18.75,"OpenAlex, api.openalex.org"
IL,ISR,Israel,"Middle East, North Africa, Afghanistan & Pakistan",High income,53090,2023,38635,2131,8644,4604,3267,6212,13777,5.52,22.37,11.92,8.46,16.08,35.66,9778,25.31,"OpenAlex, api.openalex.org"
GR,GRC,Greece,Europe & Central Asia,High income,22730,2023,37700,4142,11775,3819,2530,5007,10427,10.99,31.23,10.13,6.71,13.28,27.66,12052,31.97,"OpenAlex, api.openalex.org"
FI,FIN,Finland,Europe & Central Asia,High income,51710,2023,37657,3380,9620,8681,2167,7535,6274,8.98,25.55,23.05,5.75,20.01,16.66,13209,35.08,"OpenAlex, api.openalex.org"
CO,COL,Colombia,Latin America & Caribbean ,Upper middle income,7090,2023,36544,15369,6716,2917,1948,4269,5325,42.06,18.38,7.98,5.33,11.68,14.57,5813,15.91,"OpenAlex, api.openalex.org"
SG,SGP,Singapore,East Asia & Pacific,High income,75820,2023,36014,2438,7604,3122,2850,5357,14643,6.77,21.11,8.67,7.91,14.87,40.66,7850,21.8,"OpenAlex, api.openalex.org"
TH,THA,Thailand,East Asia & Pacific,Upper middle income,7130,2023,32978,5977,9953,2671,1907,3114,9356,18.12,30.18,8.1,5.78,9.44,28.37,9955,30.19,"OpenAlex, api.openalex.org"
AR,ARG,Argentina,Latin America & Caribbean ,Upper middle income,13530,2023,32934,12383,4781,2311,1865,4558,7036,37.6,14.52,7.02,5.66,13.84,21.36,4231,12.85,"OpenAlex, api.openalex.org"
CL,CHL,Chile,Latin America & Caribbean ,High income,15840,2023,32140,10268,7732,2439,1618,3916,6167,31.95,24.06,7.59,5.03,12.18,19.19,7269,22.62,"OpenAlex, api.openalex.org"
IE,IRL,Ireland,Europe & Central Asia,High income,80650,2023,31589,1886,7550,5732,2621,4764,9036,5.97,23.9,18.15,8.3,15.08,28.6,9894,31.32,"OpenAlex, api.openalex.org"
RO,ROU,Romania,Europe & Central Asia,High income,17600,2023,31050,6623,9705,2560,3064,2566,6532,21.33,31.26,8.24,9.87,8.26,21.04,9059,29.18,"OpenAlex, api.openalex.org"
BD,BGD,Bangladesh,South Asia,Lower middle income,2820,2023,30808,7516,6755,2483,1501,3900,8653,24.4,21.93,8.06,4.87,12.66,28.09,6533,21.21,"OpenAlex, api.openalex.org"
HU,HUN,Hungary,Europe & Central Asia,High income,20800,2023,29054,7222,7253,4472,2172,3403,4532,24.86,24.96,15.39,7.48,11.71,15.6,8174,28.13,"OpenAlex, api.openalex.org"
VN,VNM,Vietnam,East Asia & Pacific,Upper middle income,4490,2023,28529,7094,5471,2021,2327,2658,8958,24.87,19.18,7.08,8.16,9.32,31.4,5290,18.54,"OpenAlex, api.openalex.org"
NZ,NZL,New Zealand,East Asia & Pacific,High income,47070,2023,24943,1902,5768,4641,1860,3545,7227,7.63,23.12,18.61,7.46,14.21,28.97,7505,30.09,"OpenAlex, api.openalex.org"
AE,ARE,United Arab Emirates,"Middle East, North Africa, Afghanistan & Pakistan",High income,51550,2023,24313,2849,6363,2056,1211,2421,9413,11.72,26.17,8.46,4.98,9.96,38.72,6544,26.92,"OpenAlex, api.openalex.org"
MA,MAR,Morocco,"Middle East, North Africa, Afghanistan & Pakistan",Lower middle income,3840,2023,21892,4549,3881,1402,1051,2813,8196,20.78,17.73,6.4,4.8,12.85,37.44,3635,16.6,"OpenAlex, api.openalex.org"
PE,PER,Peru,Latin America & Caribbean ,Upper middle income,7530,2023,21496,9657,4127,2302,788,2012,2610,44.92,19.2,10.71,3.67,9.36,12.14,2728,12.69,"OpenAlex, api.openalex.org"
EC,ECU,Ecuador,Latin America & Caribbean ,Upper middle income,6400,2023,20354,9879,2860,3059,680,1497,2379,48.54,14.05,15.03,3.34,7.35,11.69,2253,11.07,"OpenAlex, api.openalex.org"
PH,PHL,Philippines,East Asia & Pacific,Upper middle income,4470,2023,19535,6336,3181,1986,1483,2901,3648,32.43,16.28,10.17,7.59,14.85,18.67,2341,11.98,"OpenAlex, api.openalex.org"
UZ,UZB,Uzbekistan,Europe & Central Asia,Lower middle income,3170,2023,18384,6035,1357,1771,743,6000,2478,32.83,7.38,9.63,4.04,32.64,13.48,722,3.93,"OpenAlex, api.openalex.org"
ET,ETH,Ethiopia,Sub-Saharan Africa ,Low income,1100,2023,17692,2466,7674,1340,647,2770,2795,13.94,43.38,7.57,3.66,15.66,15.8,7637,43.17,"OpenAlex, api.openalex.org"
TN,TUN,Tunisia,"Middle East, North Africa, Afghanistan & Pakistan",Lower middle income,3880,2023,16570,1939,3379,797,1478,1911,7066,11.7,20.39,4.81,8.92,11.53,42.64,3177,19.17,"OpenAlex, api.openalex.org"
