country,iso,dimension,year,score,scale,source
Indonesia,IDN,customs,2007,2.73,1-5 survey scale,World Bank Logistics Performance Index
Indonesia,IDN,customs,2010,2.43,1-5 survey scale,World Bank Logistics Performance Index
Indonesia,IDN,customs,2012,2.53,1-5 survey scale,World Bank Logistics Performance Index
Indonesia,IDN,customs,2014,2.87,1-5 survey scale,World Bank Logistics Performance Index
Indonesia,IDN,customs,2016,2.688,1-5 survey scale,World Bank Logistics Performance Index
Indonesia,IDN,customs,2018,2.67,1-5 survey scale,World Bank Logistics Performance Index
Indonesia,IDN,customs,2022,2.8,1-5 survey scale,World Bank Logistics Performance Index
Indonesia,IDN,infrastructure,2007,2.83,1-5 survey scale,World Bank Logistics Performance Index
Indonesia,IDN,infrastructure,2010,2.54,1-5 survey scale,World Bank Logistics Performance Index
Indonesia,IDN,infrastructure,2012,2.54,1-5 survey scale,World Bank Logistics Performance Index
Indonesia,IDN,infrastructure,2014,2.919,1-5 survey scale,World Bank Logistics Performance Index
Indonesia,IDN,infrastructure,2016,2.645,1-5 survey scale,World Bank Logistics Performance Index
Indonesia,IDN,infrastructure,2018,2.89,1-5 survey scale,World Bank Logistics Performance Index
Indonesia,IDN,infrastructure,2022,2.9,1-5 survey scale,World Bank Logistics Performance Index
Indonesia,IDN,international shipments,2007,3.05,1-5 survey scale,World Bank Logistics Performance Index
Indonesia,IDN,international shipments,2010,2.82,1-5 survey scale,World Bank Logistics Performance Index
Indonesia,IDN,international shipments,2012,2.97,1-5 survey scale,World Bank Logistics Performance Index
Indonesia,IDN,international shipments,2014,2.874,1-5 survey scale,World Bank Logistics Performance Index
Indonesia,IDN,international shipments,2016,2.902,1-5 survey scale,World Bank Logistics Performance Index
Indonesia,IDN,international shipments,2018,3.23,1-5 survey scale,World Bank Logistics Performance Index
Indonesia,IDN,international shipments,2022,3,1-5 survey scale,World Bank Logistics Performance Index
Indonesia,IDN,logistics competence,2007,2.9,1-5 survey scale,World Bank Logistics Performance Index
Indonesia,IDN,logistics competence,2010,2.47,1-5 survey scale,World Bank Logistics Performance Index
Indonesia,IDN,logistics competence,2012,2.85,1-5 survey scale,World Bank Logistics Performance Index
Indonesia,IDN,logistics competence,2014,3.21,1-5 survey scale,World Bank Logistics Performance Index
Indonesia,IDN,logistics competence,2016,3.0,1-5 survey scale,World Bank Logistics Performance Index
Indonesia,IDN,logistics competence,2018,3.1,1-5 survey scale,World Bank Logistics Performance Index
Indonesia,IDN,logistics competence,2022,2.9,1-5 survey scale,World Bank Logistics Performance Index
Indonesia,IDN,overall,2007,3.01,1-5 survey scale,World Bank Logistics Performance Index
Indonesia,IDN,overall,2010,2.76,1-5 survey scale,World Bank Logistics Performance Index
Indonesia,IDN,overall,2012,2.94,1-5 survey scale,World Bank Logistics Performance Index
Indonesia,IDN,overall,2014,3.082,1-5 survey scale,World Bank Logistics Performance Index
Indonesia,IDN,overall,2016,2.985,1-5 survey scale,World Bank Logistics Performance Index
Indonesia,IDN,overall,2018,3.15,1-5 survey scale,World Bank Logistics Performance Index
Indonesia,IDN,overall,2022,3,1-5 survey scale,World Bank Logistics Performance Index
Indonesia,IDN,timeliness,2007,3.28,1-5 survey scale,World Bank Logistics Performance Index
Indonesia,IDN,timeliness,2010,3.46,1-5 survey scale,World Bank Logistics Performance Index
Indonesia,IDN,timeliness,2012,3.61,1-5 survey scale,World Bank Logistics Performance Index
Indonesia,IDN,timeliness,2014,3.529,1-5 survey scale,World Bank Logistics Performance Index
Indonesia,IDN,timeliness,2016,3.46,1-5 survey scale,World Bank Logistics Performance Index
Indonesia,IDN,timeliness,2018,3.67,1-5 survey scale,World Bank Logistics Performance Index
Indonesia,IDN,timeliness,2022,3.3,1-5 survey scale,World Bank Logistics Performance Index
Indonesia,IDN,tracking and tracing,2007,3.3,1-5 survey scale,World Bank Logistics Performance Index
Indonesia,IDN,tracking and tracing,2010,2.77,1-5 survey scale,World Bank Logistics Performance Index
Indonesia,IDN,tracking and tracing,2012,3.12,1-5 survey scale,World Bank Logistics Performance Index
Indonesia,IDN,tracking and tracing,2014,3.108,1-5 survey scale,World Bank Logistics Performance Index
Indonesia,IDN,tracking and tracing,2016,3.192,1-5 survey scale,World Bank Logistics Performance Index
Indonesia,IDN,tracking and tracing,2018,3.3,1-5 survey scale,World Bank Logistics Performance Index
Indonesia,IDN,tracking and tracing,2022,3,1-5 survey scale,World Bank Logistics Performance Index
Malaysia,MYS,customs,2007,3.36,1-5 survey scale,World Bank Logistics Performance Index
Malaysia,MYS,customs,2010,3.11,1-5 survey scale,World Bank Logistics Performance Index
Malaysia,MYS,customs,2012,3.28,1-5 survey scale,World Bank Logistics Performance Index
Malaysia,MYS,customs,2014,3.368,1-5 survey scale,World Bank Logistics Performance Index
Malaysia,MYS,customs,2016,3.167,1-5 survey scale,World Bank Logistics Performance Index
Malaysia,MYS,customs,2018,2.9,1-5 survey scale,World Bank Logistics Performance Index
Malaysia,MYS,customs,2022,3.3,1-5 survey scale,World Bank Logistics Performance Index
Malaysia,MYS,infrastructure,2007,3.33,1-5 survey scale,World Bank Logistics Performance Index
Malaysia,MYS,infrastructure,2010,3.5,1-5 survey scale,World Bank Logistics Performance Index
Malaysia,MYS,infrastructure,2012,3.43,1-5 survey scale,World Bank Logistics Performance Index
Malaysia,MYS,infrastructure,2014,3.559,1-5 survey scale,World Bank Logistics Performance Index
Malaysia,MYS,infrastructure,2016,3.448,1-5 survey scale,World Bank Logistics Performance Index
Malaysia,MYS,infrastructure,2018,3.15,1-5 survey scale,World Bank Logistics Performance Index
Malaysia,MYS,infrastructure,2022,3.6,1-5 survey scale,World Bank Logistics Performance Index
Malaysia,MYS,international shipments,2007,3.36,1-5 survey scale,World Bank Logistics Performance Index
Malaysia,MYS,international shipments,2010,3.5,1-5 survey scale,World Bank Logistics Performance Index
Malaysia,MYS,international shipments,2012,3.4,1-5 survey scale,World Bank Logistics Performance Index
Malaysia,MYS,international shipments,2014,3.644,1-5 survey scale,World Bank Logistics Performance Index
Malaysia,MYS,international shipments,2016,3.482,1-5 survey scale,World Bank Logistics Performance Index
Malaysia,MYS,international shipments,2018,3.35,1-5 survey scale,World Bank Logistics Performance Index
Malaysia,MYS,international shipments,2022,3.7,1-5 survey scale,World Bank Logistics Performance Index
Malaysia,MYS,logistics competence,2007,3.4,1-5 survey scale,World Bank Logistics Performance Index
Malaysia,MYS,logistics competence,2010,3.34,1-5 survey scale,World Bank Logistics Performance Index
Malaysia,MYS,logistics competence,2012,3.45,1-5 survey scale,World Bank Logistics Performance Index
Malaysia,MYS,logistics competence,2014,3.466,1-5 survey scale,World Bank Logistics Performance Index
Malaysia,MYS,logistics competence,2016,3.342,1-5 survey scale,World Bank Logistics Performance Index
Malaysia,MYS,logistics competence,2018,3.3,1-5 survey scale,World Bank Logistics Performance Index
Malaysia,MYS,logistics competence,2022,3.7,1-5 survey scale,World Bank Logistics Performance Index
Malaysia,MYS,overall,2007,3.48,1-5 survey scale,World Bank Logistics Performance Index
Malaysia,MYS,overall,2010,3.44,1-5 survey scale,World Bank Logistics Performance Index
Malaysia,MYS,overall,2012,3.49,1-5 survey scale,World Bank Logistics Performance Index
Malaysia,MYS,overall,2014,3.59,1-5 survey scale,World Bank Logistics Performance Index
Malaysia,MYS,overall,2016,3.426,1-5 survey scale,World Bank Logistics Performance Index
Malaysia,MYS,overall,2018,3.22,1-5 survey scale,World Bank Logistics Performance Index
Malaysia,MYS,overall,2022,3.6,1-5 survey scale,World Bank Logistics Performance Index
Malaysia,MYS,timeliness,2007,3.95,1-5 survey scale,World Bank Logistics Performance Index
Malaysia,MYS,timeliness,2010,3.86,1-5 survey scale,World Bank Logistics Performance Index
Malaysia,MYS,timeliness,2012,3.86,1-5 survey scale,World Bank Logistics Performance Index
Malaysia,MYS,timeliness,2014,3.917,1-5 survey scale,World Bank Logistics Performance Index
Malaysia,MYS,timeliness,2016,3.653,1-5 survey scale,World Bank Logistics Performance Index
Malaysia,MYS,timeliness,2018,3.46,1-5 survey scale,World Bank Logistics Performance Index
Malaysia,MYS,timeliness,2022,3.7,1-5 survey scale,World Bank Logistics Performance Index
Malaysia,MYS,tracking and tracing,2007,3.51,1-5 survey scale,World Bank Logistics Performance Index
Malaysia,MYS,tracking and tracing,2010,3.32,1-5 survey scale,World Bank Logistics Performance Index
Malaysia,MYS,tracking and tracing,2012,3.54,1-5 survey scale,World Bank Logistics Performance Index
Malaysia,MYS,tracking and tracing,2014,3.582,1-5 survey scale,World Bank Logistics Performance Index
Malaysia,MYS,tracking and tracing,2016,3.461,1-5 survey scale,World Bank Logistics Performance Index
Malaysia,MYS,tracking and tracing,2018,3.15,1-5 survey scale,World Bank Logistics Performance Index
Malaysia,MYS,tracking and tracing,2022,3.7,1-5 survey scale,World Bank Logistics Performance Index
Philippines,PHL,customs,2007,2.64,1-5 survey scale,World Bank Logistics Performance Index
Philippines,PHL,customs,2010,2.67,1-5 survey scale,World Bank Logistics Performance Index
Philippines,PHL,customs,2012,2.62,1-5 survey scale,World Bank Logistics Performance Index
Philippines,PHL,customs,2014,3,1-5 survey scale,World Bank Logistics Performance Index
Philippines,PHL,customs,2016,2.608,1-5 survey scale,World Bank Logistics Performance Index
Philippines,PHL,customs,2018,2.53,1-5 survey scale,World Bank Logistics Performance Index
Philippines,PHL,customs,2022,2.8,1-5 survey scale,World Bank Logistics Performance Index
Philippines,PHL,infrastructure,2007,2.26,1-5 survey scale,World Bank Logistics Performance Index
Philippines,PHL,infrastructure,2010,2.57,1-5 survey scale,World Bank Logistics Performance Index
Philippines,PHL,infrastructure,2012,2.8,1-5 survey scale,World Bank Logistics Performance Index
Philippines,PHL,infrastructure,2014,2.6,1-5 survey scale,World Bank Logistics Performance Index
Philippines,PHL,infrastructure,2016,2.55,1-5 survey scale,World Bank Logistics Performance Index
Philippines,PHL,infrastructure,2018,2.73,1-5 survey scale,World Bank Logistics Performance Index
Philippines,PHL,infrastructure,2022,3.2,1-5 survey scale,World Bank Logistics Performance Index
Philippines,PHL,international shipments,2007,2.77,1-5 survey scale,World Bank Logistics Performance Index
Philippines,PHL,international shipments,2010,3.4,1-5 survey scale,World Bank Logistics Performance Index
Philippines,PHL,international shipments,2012,2.97,1-5 survey scale,World Bank Logistics Performance Index
Philippines,PHL,international shipments,2014,3.333,1-5 survey scale,World Bank Logistics Performance Index
Philippines,PHL,international shipments,2016,3.014,1-5 survey scale,World Bank Logistics Performance Index
Philippines,PHL,international shipments,2018,3.29,1-5 survey scale,World Bank Logistics Performance Index
Philippines,PHL,international shipments,2022,3.1,1-5 survey scale,World Bank Logistics Performance Index
Philippines,PHL,logistics competence,2007,2.65,1-5 survey scale,World Bank Logistics Performance Index
Philippines,PHL,logistics competence,2010,2.95,1-5 survey scale,World Bank Logistics Performance Index
Philippines,PHL,logistics competence,2012,3.14,1-5 survey scale,World Bank Logistics Performance Index
Philippines,PHL,logistics competence,2014,2.933,1-5 survey scale,World Bank Logistics Performance Index
Philippines,PHL,logistics competence,2016,2.702,1-5 survey scale,World Bank Logistics Performance Index
Philippines,PHL,logistics competence,2018,2.78,1-5 survey scale,World Bank Logistics Performance Index
Philippines,PHL,logistics competence,2022,3.3,1-5 survey scale,World Bank Logistics Performance Index
Philippines,PHL,overall,2007,2.69,1-5 survey scale,World Bank Logistics Performance Index
Philippines,PHL,overall,2010,3.14,1-5 survey scale,World Bank Logistics Performance Index
Philippines,PHL,overall,2012,3.02,1-5 survey scale,World Bank Logistics Performance Index
Philippines,PHL,overall,2014,3.004,1-5 survey scale,World Bank Logistics Performance Index
Philippines,PHL,overall,2016,2.856,1-5 survey scale,World Bank Logistics Performance Index
Philippines,PHL,overall,2018,2.9,1-5 survey scale,World Bank Logistics Performance Index
Philippines,PHL,overall,2022,3.3,1-5 survey scale,World Bank Logistics Performance Index
Philippines,PHL,timeliness,2007,3.14,1-5 survey scale,World Bank Logistics Performance Index
Philippines,PHL,timeliness,2010,3.83,1-5 survey scale,World Bank Logistics Performance Index
Philippines,PHL,timeliness,2012,3.3,1-5 survey scale,World Bank Logistics Performance Index
Philippines,PHL,timeliness,2014,3.067,1-5 survey scale,World Bank Logistics Performance Index
Philippines,PHL,timeliness,2016,3.348,1-5 survey scale,World Bank Logistics Performance Index
Philippines,PHL,timeliness,2018,2.98,1-5 survey scale,World Bank Logistics Performance Index
Philippines,PHL,timeliness,2022,3.9,1-5 survey scale,World Bank Logistics Performance Index
Philippines,PHL,tracking and tracing,2007,2.65,1-5 survey scale,World Bank Logistics Performance Index
Philippines,PHL,tracking and tracing,2010,3.29,1-5 survey scale,World Bank Logistics Performance Index
Philippines,PHL,tracking and tracing,2012,3.3,1-5 survey scale,World Bank Logistics Performance Index
Philippines,PHL,tracking and tracing,2014,3,1-5 survey scale,World Bank Logistics Performance Index
Philippines,PHL,tracking and tracing,2016,2.856,1-5 survey scale,World Bank Logistics Performance Index
Philippines,PHL,tracking and tracing,2018,3.06,1-5 survey scale,World Bank Logistics Performance Index
Philippines,PHL,tracking and tracing,2022,3.3,1-5 survey scale,World Bank Logistics Performance Index
Singapore,SGP,customs,2007,3.9,1-5 survey scale,World Bank Logistics Performance Index
Singapore,SGP,customs,2010,4.02,1-5 survey scale,World Bank Logistics Performance Index
Singapore,SGP,customs,2012,4.1,1-5 survey scale,World Bank Logistics Performance Index
Singapore,SGP,customs,2014,4.007,1-5 survey scale,World Bank Logistics Performance Index
Singapore,SGP,customs,2016,4.179,1-5 survey scale,World Bank Logistics Performance Index
Singapore,SGP,customs,2018,3.89,1-5 survey scale,World Bank Logistics Performance Index
Singapore,SGP,customs,2022,4.2,1-5 survey scale,World Bank Logistics Performance Index
Singapore,SGP,infrastructure,2007,4.27,1-5 survey scale,World Bank Logistics Performance Index
Singapore,SGP,infrastructure,2010,4.22,1-5 survey scale,World Bank Logistics Performance Index
Singapore,SGP,infrastructure,2012,4.15,1-5 survey scale,World Bank Logistics Performance Index
Singapore,SGP,infrastructure,2014,4.279,1-5 survey scale,World Bank Logistics Performance Index
Singapore,SGP,infrastructure,2016,4.204,1-5 survey scale,World Bank Logistics Performance Index
Singapore,SGP,infrastructure,2018,4.06,1-5 survey scale,World Bank Logistics Performance Index
Singapore,SGP,infrastructure,2022,4.6,1-5 survey scale,World Bank Logistics Performance Index
Singapore,SGP,international shipments,2007,4.04,1-5 survey scale,World Bank Logistics Performance Index
Singapore,SGP,international shipments,2010,3.86,1-5 survey scale,World Bank Logistics Performance Index
Singapore,SGP,international shipments,2012,3.99,1-5 survey scale,World Bank Logistics Performance Index
Singapore,SGP,international shipments,2014,3.703,1-5 survey scale,World Bank Logistics Performance Index
Singapore,SGP,international shipments,2016,3.957,1-5 survey scale,World Bank Logistics Performance Index
Singapore,SGP,international shipments,2018,3.58,1-5 survey scale,World Bank Logistics Performance Index
Singapore,SGP,international shipments,2022,4,1-5 survey scale,World Bank Logistics Performance Index
Singapore,SGP,logistics competence,2007,4.21,1-5 survey scale,World Bank Logistics Performance Index
Singapore,SGP,logistics competence,2010,4.12,1-5 survey scale,World Bank Logistics Performance Index
Singapore,SGP,logistics competence,2012,4.07,1-5 survey scale,World Bank Logistics Performance Index
Singapore,SGP,logistics competence,2014,3.967,1-5 survey scale,World Bank Logistics Performance Index
Singapore,SGP,logistics competence,2016,4.094,1-5 survey scale,World Bank Logistics Performance Index
Singapore,SGP,logistics competence,2018,4.1,1-5 survey scale,World Bank Logistics Performance Index
Singapore,SGP,logistics competence,2022,4.4,1-5 survey scale,World Bank Logistics Performance Index
Singapore,SGP,overall,2007,4.19,1-5 survey scale,World Bank Logistics Performance Index
Singapore,SGP,overall,2010,4.09,1-5 survey scale,World Bank Logistics Performance Index
Singapore,SGP,overall,2012,4.13,1-5 survey scale,World Bank Logistics Performance Index
Singapore,SGP,overall,2014,4.004,1-5 survey scale,World Bank Logistics Performance Index
Singapore,SGP,overall,2016,4.144,1-5 survey scale,World Bank Logistics Performance Index
Singapore,SGP,overall,2018,4,1-5 survey scale,World Bank Logistics Performance Index
Singapore,SGP,overall,2022,4.3,1-5 survey scale,World Bank Logistics Performance Index
Singapore,SGP,timeliness,2007,4.53,1-5 survey scale,World Bank Logistics Performance Index
Singapore,SGP,timeliness,2010,4.23,1-5 survey scale,World Bank Logistics Performance Index
Singapore,SGP,timeliness,2012,4.39,1-5 survey scale,World Bank Logistics Performance Index
Singapore,SGP,timeliness,2014,4.25,1-5 survey scale,World Bank Logistics Performance Index
Singapore,SGP,timeliness,2016,4.395,1-5 survey scale,World Bank Logistics Performance Index
Singapore,SGP,timeliness,2018,4.32,1-5 survey scale,World Bank Logistics Performance Index
Singapore,SGP,timeliness,2022,4.3,1-5 survey scale,World Bank Logistics Performance Index
Singapore,SGP,tracking and tracing,2007,4.25,1-5 survey scale,World Bank Logistics Performance Index
Singapore,SGP,tracking and tracing,2010,4.15,1-5 survey scale,World Bank Logistics Performance Index
Singapore,SGP,tracking and tracing,2012,4.07,1-5 survey scale,World Bank Logistics Performance Index
Singapore,SGP,tracking and tracing,2014,3.905,1-5 survey scale,World Bank Logistics Performance Index
Singapore,SGP,tracking and tracing,2016,4.047,1-5 survey scale,World Bank Logistics Performance Index
Singapore,SGP,tracking and tracing,2018,4.08,1-5 survey scale,World Bank Logistics Performance Index
Singapore,SGP,tracking and tracing,2022,4.4,1-5 survey scale,World Bank Logistics Performance Index
Thailand,THA,customs,2007,3.03,1-5 survey scale,World Bank Logistics Performance Index
Thailand,THA,customs,2010,3.02,1-5 survey scale,World Bank Logistics Performance Index
Thailand,THA,customs,2012,2.96,1-5 survey scale,World Bank Logistics Performance Index
Thailand,THA,customs,2014,3.209,1-5 survey scale,World Bank Logistics Performance Index
Thailand,THA,customs,2016,3.105,1-5 survey scale,World Bank Logistics Performance Index
Thailand,THA,customs,2018,3.14,1-5 survey scale,World Bank Logistics Performance Index
Thailand,THA,customs,2022,3.3,1-5 survey scale,World Bank Logistics Performance Index
Thailand,THA,infrastructure,2007,3.16,1-5 survey scale,World Bank Logistics Performance Index
Thailand,THA,infrastructure,2010,3.16,1-5 survey scale,World Bank Logistics Performance Index
Thailand,THA,infrastructure,2012,3.08,1-5 survey scale,World Bank Logistics Performance Index
Thailand,THA,infrastructure,2014,3.405,1-5 survey scale,World Bank Logistics Performance Index
Thailand,THA,infrastructure,2016,3.124,1-5 survey scale,World Bank Logistics Performance Index
Thailand,THA,infrastructure,2018,3.14,1-5 survey scale,World Bank Logistics Performance Index
Thailand,THA,infrastructure,2022,3.7,1-5 survey scale,World Bank Logistics Performance Index
Thailand,THA,international shipments,2007,3.24,1-5 survey scale,World Bank Logistics Performance Index
Thailand,THA,international shipments,2010,3.27,1-5 survey scale,World Bank Logistics Performance Index
Thailand,THA,international shipments,2012,3.21,1-5 survey scale,World Bank Logistics Performance Index
Thailand,THA,international shipments,2014,3.296,1-5 survey scale,World Bank Logistics Performance Index
Thailand,THA,international shipments,2016,3.367,1-5 survey scale,World Bank Logistics Performance Index
Thailand,THA,international shipments,2018,3.46,1-5 survey scale,World Bank Logistics Performance Index
Thailand,THA,international shipments,2022,3.5,1-5 survey scale,World Bank Logistics Performance Index
Thailand,THA,logistics competence,2007,3.31,1-5 survey scale,World Bank Logistics Performance Index
Thailand,THA,logistics competence,2010,3.16,1-5 survey scale,World Bank Logistics Performance Index
Thailand,THA,logistics competence,2012,2.98,1-5 survey scale,World Bank Logistics Performance Index
Thailand,THA,logistics competence,2014,3.289,1-5 survey scale,World Bank Logistics Performance Index
Thailand,THA,logistics competence,2016,3.135,1-5 survey scale,World Bank Logistics Performance Index
Thailand,THA,logistics competence,2018,3.41,1-5 survey scale,World Bank Logistics Performance Index
Thailand,THA,logistics competence,2022,3.5,1-5 survey scale,World Bank Logistics Performance Index
Thailand,THA,overall,2007,3.31,1-5 survey scale,World Bank Logistics Performance Index
Thailand,THA,overall,2010,3.29,1-5 survey scale,World Bank Logistics Performance Index
Thailand,THA,overall,2012,3.18,1-5 survey scale,World Bank Logistics Performance Index
Thailand,THA,overall,2014,3.43,1-5 survey scale,World Bank Logistics Performance Index
Thailand,THA,overall,2016,3.255,1-5 survey scale,World Bank Logistics Performance Index
Thailand,THA,overall,2018,3.41,1-5 survey scale,World Bank Logistics Performance Index
Thailand,THA,overall,2022,3.5,1-5 survey scale,World Bank Logistics Performance Index
Thailand,THA,timeliness,2007,3.91,1-5 survey scale,World Bank Logistics Performance Index
Thailand,THA,timeliness,2010,3.73,1-5 survey scale,World Bank Logistics Performance Index
Thailand,THA,timeliness,2012,3.63,1-5 survey scale,World Bank Logistics Performance Index
Thailand,THA,timeliness,2014,3.956,1-5 survey scale,World Bank Logistics Performance Index
Thailand,THA,timeliness,2016,3.56,1-5 survey scale,World Bank Logistics Performance Index
Thailand,THA,timeliness,2018,3.81,1-5 survey scale,World Bank Logistics Performance Index
Thailand,THA,timeliness,2022,3.5,1-5 survey scale,World Bank Logistics Performance Index
Thailand,THA,tracking and tracing,2007,3.25,1-5 survey scale,World Bank Logistics Performance Index
Thailand,THA,tracking and tracing,2010,3.41,1-5 survey scale,World Bank Logistics Performance Index
Thailand,THA,tracking and tracing,2012,3.18,1-5 survey scale,World Bank Logistics Performance Index
Thailand,THA,tracking and tracing,2014,3.452,1-5 survey scale,World Bank Logistics Performance Index
Thailand,THA,tracking and tracing,2016,3.204,1-5 survey scale,World Bank Logistics Performance Index
Thailand,THA,tracking and tracing,2018,3.47,1-5 survey scale,World Bank Logistics Performance Index
Thailand,THA,tracking and tracing,2022,3.6,1-5 survey scale,World Bank Logistics Performance Index
Vietnam,VNM,customs,2007,2.89,1-5 survey scale,World Bank Logistics Performance Index
Vietnam,VNM,customs,2010,2.68,1-5 survey scale,World Bank Logistics Performance Index
Vietnam,VNM,customs,2012,2.65,1-5 survey scale,World Bank Logistics Performance Index
Vietnam,VNM,customs,2014,2.809,1-5 survey scale,World Bank Logistics Performance Index
Vietnam,VNM,customs,2016,2.751,1-5 survey scale,World Bank Logistics Performance Index
Vietnam,VNM,customs,2018,2.95,1-5 survey scale,World Bank Logistics Performance Index
Vietnam,VNM,customs,2022,3.1,1-5 survey scale,World Bank Logistics Performance Index
Vietnam,VNM,infrastructure,2007,2.5,1-5 survey scale,World Bank Logistics Performance Index
Vietnam,VNM,infrastructure,2010,2.56,1-5 survey scale,World Bank Logistics Performance Index
Vietnam,VNM,infrastructure,2012,2.68,1-5 survey scale,World Bank Logistics Performance Index
Vietnam,VNM,infrastructure,2014,3.113,1-5 survey scale,World Bank Logistics Performance Index
Vietnam,VNM,infrastructure,2016,2.695,1-5 survey scale,World Bank Logistics Performance Index
Vietnam,VNM,infrastructure,2018,3.01,1-5 survey scale,World Bank Logistics Performance Index
Vietnam,VNM,infrastructure,2022,3.2,1-5 survey scale,World Bank Logistics Performance Index
Vietnam,VNM,international shipments,2007,3,1-5 survey scale,World Bank Logistics Performance Index
Vietnam,VNM,international shipments,2010,3.04,1-5 survey scale,World Bank Logistics Performance Index
Vietnam,VNM,international shipments,2012,3.14,1-5 survey scale,World Bank Logistics Performance Index
Vietnam,VNM,international shipments,2014,3.217,1-5 survey scale,World Bank Logistics Performance Index
Vietnam,VNM,international shipments,2016,3.123,1-5 survey scale,World Bank Logistics Performance Index
Vietnam,VNM,international shipments,2018,3.16,1-5 survey scale,World Bank Logistics Performance Index
Vietnam,VNM,international shipments,2022,3.3,1-5 survey scale,World Bank Logistics Performance Index
Vietnam,VNM,logistics competence,2007,2.8,1-5 survey scale,World Bank Logistics Performance Index
Vietnam,VNM,logistics competence,2010,2.89,1-5 survey scale,World Bank Logistics Performance Index
Vietnam,VNM,logistics competence,2012,2.68,1-5 survey scale,World Bank Logistics Performance Index
Vietnam,VNM,logistics competence,2014,3.092,1-5 survey scale,World Bank Logistics Performance Index
Vietnam,VNM,logistics competence,2016,2.883,1-5 survey scale,World Bank Logistics Performance Index
Vietnam,VNM,logistics competence,2018,3.4,1-5 survey scale,World Bank Logistics Performance Index
Vietnam,VNM,logistics competence,2022,3.2,1-5 survey scale,World Bank Logistics Performance Index
Vietnam,VNM,overall,2007,2.89,1-5 survey scale,World Bank Logistics Performance Index
Vietnam,VNM,overall,2010,2.96,1-5 survey scale,World Bank Logistics Performance Index
Vietnam,VNM,overall,2012,3,1-5 survey scale,World Bank Logistics Performance Index
Vietnam,VNM,overall,2014,3.155,1-5 survey scale,World Bank Logistics Performance Index
Vietnam,VNM,overall,2016,2.977,1-5 survey scale,World Bank Logistics Performance Index
Vietnam,VNM,overall,2018,3.27,1-5 survey scale,World Bank Logistics Performance Index
Vietnam,VNM,overall,2022,3.3,1-5 survey scale,World Bank Logistics Performance Index
Vietnam,VNM,timeliness,2007,3.22,1-5 survey scale,World Bank Logistics Performance Index
Vietnam,VNM,timeliness,2010,3.44,1-5 survey scale,World Bank Logistics Performance Index
Vietnam,VNM,timeliness,2012,3.64,1-5 survey scale,World Bank Logistics Performance Index
Vietnam,VNM,timeliness,2014,3.49,1-5 survey scale,World Bank Logistics Performance Index
Vietnam,VNM,timeliness,2016,3.498,1-5 survey scale,World Bank Logistics Performance Index
Vietnam,VNM,timeliness,2018,3.67,1-5 survey scale,World Bank Logistics Performance Index
Vietnam,VNM,timeliness,2022,3.3,1-5 survey scale,World Bank Logistics Performance Index
Vietnam,VNM,tracking and tracing,2007,2.9,1-5 survey scale,World Bank Logistics Performance Index
Vietnam,VNM,tracking and tracing,2010,3.1,1-5 survey scale,World Bank Logistics Performance Index
Vietnam,VNM,tracking and tracing,2012,3.16,1-5 survey scale,World Bank Logistics Performance Index
Vietnam,VNM,tracking and tracing,2014,3.192,1-5 survey scale,World Bank Logistics Performance Index
Vietnam,VNM,tracking and tracing,2016,2.843,1-5 survey scale,World Bank Logistics Performance Index
Vietnam,VNM,tracking and tracing,2018,3.45,1-5 survey scale,World Bank Logistics Performance Index
Vietnam,VNM,tracking and tracing,2022,3.4,1-5 survey scale,World Bank Logistics Performance Index
