iso3,country,region,income_group,year,population,has_water_basic,has_water_safely_managed,has_sanitation_safely_managed,status,source
ABW,Aruba,Latin America & Caribbean ,High income,2024,107995,no,no,no,"basic only, no safely-managed estimate","WHO Global Health Observatory (JMP), ghoapi.azureedge.net"
AFG,Afghanistan,"Middle East, North Africa, Afghanistan & Pakistan",Low income,2024,42647492,yes,yes,yes,reported,"WHO Global Health Observatory (JMP), ghoapi.azureedge.net"
AGO,Angola,Sub-Saharan Africa ,Lower middle income,2024,37885849,yes,no,no,"basic only, no safely-managed estimate","WHO Global Health Observatory (JMP), ghoapi.azureedge.net"
ALB,Albania,Europe & Central Asia,Upper middle income,2024,2377128,yes,yes,yes,reported,"WHO Global Health Observatory (JMP), ghoapi.azureedge.net"
AND,Andorra,Europe & Central Asia,High income,2024,81938,yes,yes,yes,reported,"WHO Global Health Observatory (JMP), ghoapi.azureedge.net"
ARE,United Arab Emirates,"Middle East, North Africa, Afghanistan & Pakistan",High income,2024,10986400,yes,yes,yes,reported,"WHO Global Health Observatory (JMP), ghoapi.azureedge.net"
ARG,Argentina,Latin America & Caribbean ,Upper middle income,2016,43900313,yes,no,yes,"basic only, no safely-managed estimate","WHO Global Health Observatory (JMP), ghoapi.azureedge.net"
ARM,Armenia,Europe & Central Asia,Upper middle income,2024,3033500,yes,yes,yes,reported,"WHO Global Health Observatory (JMP), ghoapi.azureedge.net"
ASM,American Samoa,East Asia & Pacific,High income,2024,46765,yes,yes,yes,reported,"WHO Global Health Observatory (JMP), ghoapi.azureedge.net"
ATG,Antigua and Barbuda,Latin America & Caribbean ,High income,2024,93772,yes,no,no,"basic only, no safely-managed estimate","WHO Global Health Observatory (JMP), ghoapi.azureedge.net"
AUS,Australia,East Asia & Pacific,High income,2024,27194286,yes,no,yes,"basic only, no safely-managed estimate","WHO Global Health Observatory (JMP), ghoapi.azureedge.net"
AUT,Austria,Europe & Central Asia,High income,2024,9177982,yes,yes,yes,reported,"WHO Global Health Observatory (JMP), ghoapi.azureedge.net"
AZE,Azerbaijan,Europe & Central Asia,Upper middle income,2024,10202830,yes,yes,yes,reported,"WHO Global Health Observatory (JMP), ghoapi.azureedge.net"
BDI,Burundi,Sub-Saharan Africa ,Low income,2024,14047786,yes,no,no,"basic only, no safely-managed estimate","WHO Global Health Observatory (JMP), ghoapi.azureedge.net"
BEL,Belgium,Europe & Central Asia,High income,2024,11858610,yes,yes,yes,reported,"WHO Global Health Observatory (JMP), ghoapi.azureedge.net"
BEN,Benin,Sub-Saharan Africa ,Lower middle income,2024,14462724,yes,yes,yes,reported,"WHO Global Health Observatory (JMP), ghoapi.azureedge.net"
BFA,Burkina Faso,Sub-Saharan Africa ,Low income,2024,23548781,yes,no,yes,"basic only, no safely-managed estimate","WHO Global Health Observatory (JMP), ghoapi.azureedge.net"
BGD,Bangladesh,South Asia,Lower middle income,2024,173562364,yes,yes,yes,reported,"WHO Global Health Observatory (JMP), ghoapi.azureedge.net"
BGR,Bulgaria,Europe & Central Asia,High income,2024,6441421,yes,yes,yes,reported,"WHO Global Health Observatory (JMP), ghoapi.azureedge.net"
BHR,Bahrain,"Middle East, North Africa, Afghanistan & Pakistan",High income,2024,1588670,yes,yes,yes,reported,"WHO Global Health Observatory (JMP), ghoapi.azureedge.net"
BHS,"Bahamas, The",Latin America & Caribbean ,High income,2019,394675,yes,no,no,"basic only, no safely-managed estimate","WHO Global Health Observatory (JMP), ghoapi.azureedge.net"
BIH,Bosnia and Herzegovina,Europe & Central Asia,Upper middle income,2024,3164253,yes,yes,no,reported,"WHO Global Health Observatory (JMP), ghoapi.azureedge.net"
BLR,Belarus,Europe & Central Asia,Upper middle income,2024,9132629,yes,yes,yes,reported,"WHO Global Health Observatory (JMP), ghoapi.azureedge.net"
BLZ,Belize,Latin America & Caribbean ,Upper middle income,2024,417072,yes,no,no,"basic only, no safely-managed estimate","WHO Global Health Observatory (JMP), ghoapi.azureedge.net"
BMU,Bermuda,North America,High income,2024,64636,yes,no,no,"basic only, no safely-managed estimate","WHO Global Health Observatory (JMP), ghoapi.azureedge.net"
BOL,Bolivia,Latin America & Caribbean ,Lower middle income,2024,12413315,yes,no,no,"basic only, no safely-managed estimate","WHO Global Health Observatory (JMP), ghoapi.azureedge.net"
BRA,Brazil,Latin America & Caribbean ,Upper middle income,2024,211998573,yes,yes,yes,reported,"WHO Global Health Observatory (JMP), ghoapi.azureedge.net"
BRB,Barbados,Latin America & Caribbean ,High income,2024,282467,yes,no,no,"basic only, no safely-managed estimate","WHO Global Health Observatory (JMP), ghoapi.azureedge.net"
BRN,Brunei Darussalam,East Asia & Pacific,High income,2024,462721,yes,no,no,"basic only, no safely-managed estimate","WHO Global Health Observatory (JMP), ghoapi.azureedge.net"
BTN,Bhutan,South Asia,Lower middle income,2024,791524,yes,yes,yes,reported,"WHO Global Health Observatory (JMP), ghoapi.azureedge.net"
BWA,Botswana,Sub-Saharan Africa ,Upper middle income,2024,2521139,yes,yes,no,reported,"WHO Global Health Observatory (JMP), ghoapi.azureedge.net"
CAF,Central African Republic,Sub-Saharan Africa ,Low income,2024,5330690,yes,yes,yes,reported,"WHO Global Health Observatory (JMP), ghoapi.azureedge.net"
CAN,Canada,North America,High income,2024,41262329,yes,yes,yes,reported,"WHO Global Health Observatory (JMP), ghoapi.azureedge.net"
CHE,Switzerland,Europe & Central Asia,High income,2024,9005582,yes,yes,yes,reported,"WHO Global Health Observatory (JMP), ghoapi.azureedge.net"
CHL,Chile,Latin America & Caribbean ,High income,2024,19764771,yes,yes,yes,reported,"WHO Global Health Observatory (JMP), ghoapi.azureedge.net"
CHN,China,East Asia & Pacific,Upper middle income,2024,1408975000,yes,no,yes,"basic only, no safely-managed estimate","WHO Global Health Observatory (JMP), ghoapi.azureedge.net"
CIV,Cote d'Ivoire,Sub-Saharan Africa ,Lower middle income,2024,31934230,yes,yes,yes,reported,"WHO Global Health Observatory (JMP), ghoapi.azureedge.net"
CMR,Cameroon,Sub-Saharan Africa ,Lower middle income,2024,29123744,yes,no,no,"basic only, no safely-managed estimate","WHO Global Health Observatory (JMP), ghoapi.azureedge.net"
COD,"Congo, Dem. Rep.",Sub-Saharan Africa ,Low income,2024,109276265,yes,yes,yes,reported,"WHO Global Health Observatory (JMP), ghoapi.azureedge.net"
COG,"Congo, Rep.",Sub-Saharan Africa ,Lower middle income,2021,5892183,yes,yes,no,reported,"WHO Global Health Observatory (JMP), ghoapi.azureedge.net"
COL,Colombia,Latin America & Caribbean ,Upper middle income,2024,52886363,yes,yes,yes,reported,"WHO Global Health Observatory (JMP), ghoapi.azureedge.net"
COM,Comoros,Sub-Saharan Africa ,Lower middle income,2024,866628,yes,no,yes,"basic only, no safely-managed estimate","WHO Global Health Observatory (JMP), ghoapi.azureedge.net"
CPV,Cabo Verde,Sub-Saharan Africa ,Upper middle income,2024,524877,yes,no,no,"basic only, no safely-managed estimate","WHO Global Health Observatory (JMP), ghoapi.azureedge.net"
CRI,Costa Rica,Latin America & Caribbean ,High income,2024,5129910,yes,yes,yes,reported,"WHO Global Health Observatory (JMP), ghoapi.azureedge.net"
CUB,Cuba,Latin America & Caribbean ,Upper middle income,2024,10979783,yes,no,yes,"basic only, no safely-managed estimate","WHO Global Health Observatory (JMP), ghoapi.azureedge.net"
CUW,Curacao,Latin America & Caribbean ,High income,2024,155967,yes,no,no,"basic only, no safely-managed estimate","WHO Global Health Observatory (JMP), ghoapi.azureedge.net"
CYM,Cayman Islands,Latin America & Caribbean ,High income,2024,74457,yes,no,no,"basic only, no safely-managed estimate","WHO Global Health Observatory (JMP), ghoapi.azureedge.net"
CYP,Cyprus,Europe & Central Asia,High income,2024,1358282,yes,yes,yes,reported,"WHO Global Health Observatory (JMP), ghoapi.azureedge.net"
CZE,Czechia,Europe & Central Asia,High income,2024,10905028,yes,yes,yes,reported,"WHO Global Health Observatory (JMP), ghoapi.azureedge.net"
DEU,Germany,Europe & Central Asia,High income,2024,83516593,yes,yes,yes,reported,"WHO Global Health Observatory (JMP), ghoapi.azureedge.net"
DJI,Djibouti,"Middle East, North Africa, Afghanistan & Pakistan",Lower middle income,2024,1168722,yes,no,no,"basic only, no safely-managed estimate","WHO Global Health Observatory (JMP), ghoapi.azureedge.net"
DMA,Dominica,Latin America & Caribbean ,Upper middle income,2024,66205,yes,no,no,"basic only, no safely-managed estimate","WHO Global Health Observatory (JMP), ghoapi.azureedge.net"
DNK,Denmark,Europe & Central Asia,High income,2024,5976992,yes,yes,yes,reported,"WHO Global Health Observatory (JMP), ghoapi.azureedge.net"
DOM,Dominican Republic,Latin America & Caribbean ,Upper middle income,2024,11427557,yes,yes,yes,reported,"WHO Global Health Observatory (JMP), ghoapi.azureedge.net"
DZA,Algeria,"Middle East, North Africa, Afghanistan & Pakistan",Upper middle income,2024,46814308,yes,yes,yes,reported,"WHO Global Health Observatory (JMP), ghoapi.azureedge.net"
ECU,Ecuador,Latin America & Caribbean ,Upper middle income,2024,18135478,yes,yes,yes,reported,"WHO Global Health Observatory (JMP), ghoapi.azureedge.net"
EGY,"Egypt, Arab Rep.","Middle East, North Africa, Afghanistan & Pakistan",Lower middle income,2024,116538258,yes,yes,yes,reported,"WHO Global Health Observatory (JMP), ghoapi.azureedge.net"
ERI,Eritrea,Sub-Saharan Africa ,Low income,2016,3124698,yes,no,no,"basic only, no safely-managed estimate","WHO Global Health Observatory (JMP), ghoapi.azureedge.net"
ESP,Spain,Europe & Central Asia,High income,2024,48848840,yes,yes,yes,reported,"WHO Global Health Observatory (JMP), ghoapi.azureedge.net"
EST,Estonia,Europe & Central Asia,High income,2024,1372341,yes,yes,yes,reported,"WHO Global Health Observatory (JMP), ghoapi.azureedge.net"
ETH,Ethiopia,Sub-Saharan Africa ,Low income,2024,132059767,yes,yes,yes,reported,"WHO Global Health Observatory (JMP), ghoapi.azureedge.net"
FIN,Finland,Europe & Central Asia,High income,2024,5619911,yes,yes,yes,reported,"WHO Global Health Observatory (JMP), ghoapi.azureedge.net"
FJI,Fiji,East Asia & Pacific,Upper middle income,2024,928784,yes,yes,yes,reported,"WHO Global Health Observatory (JMP), ghoapi.azureedge.net"
FRA,France,Europe & Central Asia,High income,2024,68551653,yes,yes,yes,reported,"WHO Global Health Observatory (JMP), ghoapi.azureedge.net"
FRO,Faroe Islands,Europe & Central Asia,High income,2024,54640,yes,no,no,"basic only, no safely-managed estimate","WHO Global Health Observatory (JMP), ghoapi.azureedge.net"
FSM,"Micronesia, Fed. Sts.",East Asia & Pacific,Upper middle income,2020,110916,yes,no,no,"basic only, no safely-managed estimate","WHO Global Health Observatory (JMP), ghoapi.azureedge.net"
GAB,Gabon,Sub-Saharan Africa ,Upper middle income,2024,2538952,yes,no,no,"basic only, no safely-managed estimate","WHO Global Health Observatory (JMP), ghoapi.azureedge.net"
GBR,United Kingdom,Europe & Central Asia,High income,2024,69281000,yes,yes,yes,reported,"WHO Global Health Observatory (JMP), ghoapi.azureedge.net"
GEO,Georgia,Europe & Central Asia,Upper middle income,2024,3812518,yes,yes,yes,reported,"WHO Global Health Observatory (JMP), ghoapi.azureedge.net"
GHA,Ghana,Sub-Saharan Africa ,Lower middle income,2024,34427414,yes,yes,yes,reported,"WHO Global Health Observatory (JMP), ghoapi.azureedge.net"
GIB,Gibraltar,Europe & Central Asia,High income,2024,39329,yes,yes,no,reported,"WHO Global Health Observatory (JMP), ghoapi.azureedge.net"
GIN,Guinea,Sub-Saharan Africa ,Lower middle income,2024,14754785,yes,no,no,"basic only, no safely-managed estimate","WHO Global Health Observatory (JMP), ghoapi.azureedge.net"
GMB,"Gambia, The",Sub-Saharan Africa ,Low income,2024,2759988,yes,yes,yes,reported,"WHO Global Health Observatory (JMP), ghoapi.azureedge.net"
GNB,Guinea-Bissau,Sub-Saharan Africa ,Low income,2024,2201352,yes,yes,yes,reported,"WHO Global Health Observatory (JMP), ghoapi.azureedge.net"
GNQ,Equatorial Guinea,Sub-Saharan Africa ,Upper middle income,2017,1562396,yes,no,no,"basic only, no safely-managed estimate","WHO Global Health Observatory (JMP), ghoapi.azureedge.net"
GRC,Greece,Europe & Central Asia,High income,2024,10405134,yes,yes,yes,reported,"WHO Global Health Observatory (JMP), ghoapi.azureedge.net"
GRD,Grenada,Latin America & Caribbean ,Upper middle income,2024,117207,no,no,no,"basic only, no safely-managed estimate","WHO Global Health Observatory (JMP), ghoapi.azureedge.net"
GRL,Greenland,Europe & Central Asia,High income,2024,56836,yes,no,no,"basic only, no safely-managed estimate","WHO Global Health Observatory (JMP), ghoapi.azureedge.net"
GTM,Guatemala,Latin America & Caribbean ,Upper middle income,2024,18406359,yes,yes,no,reported,"WHO Global Health Observatory (JMP), ghoapi.azureedge.net"
GUM,Guam,East Asia & Pacific,High income,2024,167777,yes,yes,no,reported,"WHO Global Health Observatory (JMP), ghoapi.azureedge.net"
GUY,Guyana,Latin America & Caribbean ,High income,2024,831087,yes,yes,yes,reported,"WHO Global Health Observatory (JMP), ghoapi.azureedge.net"
HKG,"Hong Kong SAR, China",East Asia & Pacific,High income,2024,7524100,no,no,no,"basic only, no safely-managed estimate","WHO Global Health Observatory (JMP), ghoapi.azureedge.net"
HND,Honduras,Latin America & Caribbean ,Lower middle income,2024,10825703,yes,yes,no,reported,"WHO Global Health Observatory (JMP), ghoapi.azureedge.net"
HRV,Croatia,Europe & Central Asia,High income,2024,3866200,yes,yes,no,reported,"WHO Global Health Observatory (JMP), ghoapi.azureedge.net"
HTI,Haiti,Latin America & Caribbean ,Lower middle income,2024,11772557,yes,no,no,"basic only, no safely-managed estimate","WHO Global Health Observatory (JMP), ghoapi.azureedge.net"
HUN,Hungary,Europe & Central Asia,High income,2024,9562065,yes,yes,yes,reported,"WHO Global Health Observatory (JMP), ghoapi.azureedge.net"
IDN,Indonesia,East Asia & Pacific,Upper middle income,2024,283487931,yes,yes,no,reported,"WHO Global Health Observatory (JMP), ghoapi.azureedge.net"
IMN,Isle of Man,Europe & Central Asia,High income,2024,84160,yes,yes,yes,reported,"WHO Global Health Observatory (JMP), ghoapi.azureedge.net"
IND,India,South Asia,Lower middle income,2024,1450935791,yes,yes,yes,reported,"WHO Global Health Observatory (JMP), ghoapi.azureedge.net"
IRL,Ireland,Europe & Central Asia,High income,2024,5395790,yes,yes,yes,reported,"WHO Global Health Observatory (JMP), ghoapi.azureedge.net"
IRN,"Iran, Islamic Rep.","Middle East, North Africa, Afghanistan & Pakistan",Upper middle income,2024,91567738,yes,yes,no,reported,"WHO Global Health Observatory (JMP), ghoapi.azureedge.net"
IRQ,Iraq,"Middle East, North Africa, Afghanistan & Pakistan",Upper middle income,2024,46042015,yes,yes,yes,reported,"WHO Global Health Observatory (JMP), ghoapi.azureedge.net"
ISL,Iceland,Europe & Central Asia,High income,2024,386506,yes,yes,no,reported,"WHO Global Health Observatory (JMP), ghoapi.azureedge.net"
ISR,Israel,"Middle East, North Africa, Afghanistan & Pakistan",High income,2024,10002200,yes,yes,yes,reported,"WHO Global Health Observatory (JMP), ghoapi.azureedge.net"
ITA,Italy,Europe & Central Asia,High income,2024,58952704,yes,yes,yes,reported,"WHO Global Health Observatory (JMP), ghoapi.azureedge.net"
JAM,Jamaica,Latin America & Caribbean ,Upper middle income,2024,2839175,yes,no,yes,"basic only, no safely-managed estimate","WHO Global Health Observatory (JMP), ghoapi.azureedge.net"
JOR,Jordan,"Middle East, North Africa, Afghanistan & Pakistan",Upper middle income,2024,11552876,yes,yes,yes,reported,"WHO Global Health Observatory (JMP), ghoapi.azureedge.net"
JPN,Japan,East Asia & Pacific,High income,2024,123975371,yes,yes,yes,reported,"WHO Global Health Observatory (JMP), ghoapi.azureedge.net"
KAZ,Kazakhstan,Europe & Central Asia,Upper middle income,2024,20592571,yes,yes,no,reported,"WHO Global Health Observatory (JMP), ghoapi.azureedge.net"
KEN,Kenya,Sub-Saharan Africa ,Lower middle income,2024,56432944,yes,no,yes,"basic only, no safely-managed estimate","WHO Global Health Observatory (JMP), ghoapi.azureedge.net"
KGZ,Kyrgyz Republic,Europe & Central Asia,Lower middle income,2024,7221868,yes,yes,yes,reported,"WHO Global Health Observatory (JMP), ghoapi.azureedge.net"
KHM,Cambodia,East Asia & Pacific,Lower middle income,2024,17638801,yes,yes,yes,reported,"WHO Global Health Observatory (JMP), ghoapi.azureedge.net"
KIR,Kiribati,East Asia & Pacific,Lower middle income,2024,134518,yes,yes,yes,reported,"WHO Global Health Observatory (JMP), ghoapi.azureedge.net"
KNA,St. Kitts and Nevis,Latin America & Caribbean ,High income,2017,47050,yes,no,no,"basic only, no safely-managed estimate","WHO Global Health Observatory (JMP), ghoapi.azureedge.net"
KOR,"Korea, Rep.",East Asia & Pacific,High income,2024,51751065,yes,yes,yes,reported,"WHO Global Health Observatory (JMP), ghoapi.azureedge.net"
KWT,Kuwait,"Middle East, North Africa, Afghanistan & Pakistan",High income,2024,4897263,yes,yes,yes,reported,"WHO Global Health Observatory (JMP), ghoapi.azureedge.net"
LAO,Lao PDR,East Asia & Pacific,Lower middle income,2024,7769819,yes,yes,yes,reported,"WHO Global Health Observatory (JMP), ghoapi.azureedge.net"
LBN,Lebanon,"Middle East, North Africa, Afghanistan & Pakistan",Lower middle income,2024,5805962,yes,yes,yes,reported,"WHO Global Health Observatory (JMP), ghoapi.azureedge.net"
LBR,Liberia,Sub-Saharan Africa ,Low income,2024,5612817,yes,no,no,"basic only, no safely-managed estimate","WHO Global Health Observatory (JMP), ghoapi.azureedge.net"
LBY,Libya,"Middle East, North Africa, Afghanistan & Pakistan",Upper middle income,2024,7381023,yes,no,yes,"basic only, no safely-managed estimate","WHO Global Health Observatory (JMP), ghoapi.azureedge.net"
LCA,St. Lucia,Latin America & Caribbean ,Upper middle income,2024,179744,yes,no,no,"basic only, no safely-managed estimate","WHO Global Health Observatory (JMP), ghoapi.azureedge.net"
LIE,Liechtenstein,Europe & Central Asia,High income,2024,40450,yes,yes,yes,reported,"WHO Global Health Observatory (JMP), ghoapi.azureedge.net"
LKA,Sri Lanka,South Asia,Upper middle income,2024,21916000,yes,yes,no,reported,"WHO Global Health Observatory (JMP), ghoapi.azureedge.net"
LSO,Lesotho,Sub-Saharan Africa ,Lower middle income,2024,2337423,yes,yes,yes,reported,"WHO Global Health Observatory (JMP), ghoapi.azureedge.net"
LTU,Lithuania,Europe & Central Asia,High income,2024,2888278,yes,yes,yes,reported,"WHO Global Health Observatory (JMP), ghoapi.azureedge.net"
LUX,Luxembourg,Europe & Central Asia,High income,2024,677012,yes,yes,yes,reported,"WHO Global Health Observatory (JMP), ghoapi.azureedge.net"
LVA,Latvia,Europe & Central Asia,High income,2024,1866124,yes,yes,yes,reported,"WHO Global Health Observatory (JMP), ghoapi.azureedge.net"
MAC,"Macao SAR, China",East Asia & Pacific,High income,2024,687000,no,no,no,"basic only, no safely-managed estimate","WHO Global Health Observatory (JMP), ghoapi.azureedge.net"
MAF,St. Martin (French part),Latin America & Caribbean ,High income,2024,26129,no,no,no,"basic only, no safely-managed estimate","WHO Global Health Observatory (JMP), ghoapi.azureedge.net"
MAR,Morocco,"Middle East, North Africa, Afghanistan & Pakistan",Lower middle income,2024,38081173,yes,yes,yes,reported,"WHO Global Health Observatory (JMP), ghoapi.azureedge.net"
MCO,Monaco,Europe & Central Asia,High income,2024,38631,yes,yes,yes,reported,"WHO Global Health Observatory (JMP), ghoapi.azureedge.net"
MDA,Moldova,Europe & Central Asia,Upper middle income,2024,2402306,yes,yes,no,reported,"WHO Global Health Observatory (JMP), ghoapi.azureedge.net"
MDG,Madagascar,Sub-Saharan Africa ,Low income,2024,31964956,yes,yes,yes,reported,"WHO Global Health Observatory (JMP), ghoapi.azureedge.net"
MDV,Maldives,South Asia,Upper middle income,2024,527799,yes,no,no,"basic only, no safely-managed estimate","WHO Global Health Observatory (JMP), ghoapi.azureedge.net"
MEX,Mexico,Latin America & Caribbean ,Upper middle income,2024,130861007,yes,yes,yes,reported,"WHO Global Health Observatory (JMP), ghoapi.azureedge.net"
MHL,Marshall Islands,East Asia & Pacific,Upper middle income,2024,37548,yes,no,no,"basic only, no safely-managed estimate","WHO Global Health Observatory (JMP), ghoapi.azureedge.net"
MKD,North Macedonia,Europe & Central Asia,Upper middle income,2024,1824359,yes,yes,yes,reported,"WHO Global Health Observatory (JMP), ghoapi.azureedge.net"
MLI,Mali,Sub-Saharan Africa ,Low income,2024,24478595,yes,no,yes,"basic only, no safely-managed estimate","WHO Global Health Observatory (JMP), ghoapi.azureedge.net"
MLT,Malta,"Middle East, North Africa, Afghanistan & Pakistan",High income,2024,568847,yes,yes,yes,reported,"WHO Global Health Observatory (JMP), ghoapi.azureedge.net"
MMR,Myanmar,East Asia & Pacific,Lower middle income,2024,54500091,yes,yes,yes,reported,"WHO Global Health Observatory (JMP), ghoapi.azureedge.net"
MNE,Montenegro,Europe & Central Asia,Upper middle income,2024,623525,yes,yes,yes,reported,"WHO Global Health Observatory (JMP), ghoapi.azureedge.net"
MNG,Mongolia,East Asia & Pacific,Upper middle income,2024,3524788,yes,yes,yes,reported,"WHO Global Health Observatory (JMP), ghoapi.azureedge.net"
MNP,Northern Mariana Islands,East Asia & Pacific,High income,2024,44278,yes,yes,no,reported,"WHO Global Health Observatory (JMP), ghoapi.azureedge.net"
MOZ,Mozambique,Sub-Saharan Africa ,Low income,2024,34631766,yes,yes,yes,reported,"WHO Global Health Observatory (JMP), ghoapi.azureedge.net"
MRT,Mauritania,Sub-Saharan Africa ,Lower middle income,2024,5169395,yes,no,no,"basic only, no safely-managed estimate","WHO Global Health Observatory (JMP), ghoapi.azureedge.net"
MUS,Mauritius,Sub-Saharan Africa ,Upper middle income,2024,1245779,yes,no,no,"basic only, no safely-managed estimate","WHO Global Health Observatory (JMP), ghoapi.azureedge.net"
MWI,Malawi,Sub-Saharan Africa ,Low income,2024,21655286,yes,yes,yes,reported,"WHO Global Health Observatory (JMP), ghoapi.azureedge.net"
MYS,Malaysia,East Asia & Pacific,Upper middle income,2024,35557673,yes,yes,yes,reported,"WHO Global Health Observatory (JMP), ghoapi.azureedge.net"
NAM,Namibia,Sub-Saharan Africa ,Lower middle income,2024,3030131,yes,no,no,"basic only, no safely-managed estimate","WHO Global Health Observatory (JMP), ghoapi.azureedge.net"
NCL,New Caledonia,East Asia & Pacific,High income,2024,292639,yes,yes,no,reported,"WHO Global Health Observatory (JMP), ghoapi.azureedge.net"
NER,Niger,Sub-Saharan Africa ,Low income,2024,27032412,yes,no,yes,"basic only, no safely-managed estimate","WHO Global Health Observatory (JMP), ghoapi.azureedge.net"
NGA,Nigeria,Sub-Saharan Africa ,Lower middle income,2024,232679478,yes,yes,yes,reported,"WHO Global Health Observatory (JMP), ghoapi.azureedge.net"
NLD,Netherlands,Europe & Central Asia,High income,2024,17993485,yes,yes,yes,reported,"WHO Global Health Observatory (JMP), ghoapi.azureedge.net"
NOR,Norway,Europe & Central Asia,High income,2024,5572279,yes,yes,yes,reported,"WHO Global Health Observatory (JMP), ghoapi.azureedge.net"
NPL,Nepal,South Asia,Lower middle income,2024,29651054,yes,yes,yes,reported,"WHO Global Health Observatory (JMP), ghoapi.azureedge.net"
NRU,Naoero,East Asia & Pacific,High income,2024,11947,yes,yes,yes,reported,"WHO Global Health Observatory (JMP), ghoapi.azureedge.net"
NZL,New Zealand,East Asia & Pacific,High income,2024,5290000,yes,yes,yes,reported,"WHO Global Health Observatory (JMP), ghoapi.azureedge.net"
OMN,Oman,"Middle East, North Africa, Afghanistan & Pakistan",High income,2024,5281538,yes,yes,no,reported,"WHO Global Health Observatory (JMP), ghoapi.azureedge.net"
PAK,Pakistan,"Middle East, North Africa, Afghanistan & Pakistan",Lower middle income,2024,251269164,yes,yes,no,reported,"WHO Global Health Observatory (JMP), ghoapi.azureedge.net"
PAN,Panama,Latin America & Caribbean ,High income,2024,4515577,yes,no,no,"basic only, no safely-managed estimate","WHO Global Health Observatory (JMP), ghoapi.azureedge.net"
PER,Peru,Latin America & Caribbean ,Upper middle income,2024,34217848,yes,yes,yes,reported,"WHO Global Health Observatory (JMP), ghoapi.azureedge.net"
PHL,Philippines,East Asia & Pacific,Upper middle income,2024,115843670,yes,yes,yes,reported,"WHO Global Health Observatory (JMP), ghoapi.azureedge.net"
PLW,Palau,East Asia & Pacific,High income,2024,17695,yes,yes,no,reported,"WHO Global Health Observatory (JMP), ghoapi.azureedge.net"
PNG,Papua New Guinea,East Asia & Pacific,Lower middle income,2024,10576502,yes,no,yes,"basic only, no safely-managed estimate","WHO Global Health Observatory (JMP), ghoapi.azureedge.net"
POL,Poland,Europe & Central Asia,High income,2024,36559233,yes,yes,yes,reported,"WHO Global Health Observatory (JMP), ghoapi.azureedge.net"
PRI,Puerto Rico (US),Latin America & Caribbean ,High income,2024,3202521,yes,yes,yes,reported,"WHO Global Health Observatory (JMP), ghoapi.azureedge.net"
PRK,"Korea, Dem. People's Rep.",East Asia & Pacific,Low income,2023,26418204,yes,yes,no,reported,"WHO Global Health Observatory (JMP), ghoapi.azureedge.net"
PRT,Portugal,Europe & Central Asia,High income,2024,10694681,yes,yes,yes,reported,"WHO Global Health Observatory (JMP), ghoapi.azureedge.net"
PRY,Paraguay,Latin America & Caribbean ,Upper middle income,2024,6929153,yes,yes,yes,reported,"WHO Global Health Observatory (JMP), ghoapi.azureedge.net"
PSE,West Bank and Gaza,"Middle East, North Africa, Afghanistan & Pakistan",Lower middle income,2024,5289152,yes,yes,yes,reported,"WHO Global Health Observatory (JMP), ghoapi.azureedge.net"
PYF,French Polynesia,East Asia & Pacific,High income,2024,281807,yes,yes,no,reported,"WHO Global Health Observatory (JMP), ghoapi.azureedge.net"
QAT,Qatar,"Middle East, North Africa, Afghanistan & Pakistan",High income,2024,2857822,yes,yes,yes,reported,"WHO Global Health Observatory (JMP), ghoapi.azureedge.net"
ROU,Romania,Europe & Central Asia,High income,2024,19051804,yes,yes,yes,reported,"WHO Global Health Observatory (JMP), ghoapi.azureedge.net"
RUS,Russian Federation,Europe & Central Asia,High income,2024,143669648,yes,yes,yes,reported,"WHO Global Health Observatory (JMP), ghoapi.azureedge.net"
RWA,Rwanda,Sub-Saharan Africa ,Low income,2024,14256567,yes,no,no,"basic only, no safely-managed estimate","WHO Global Health Observatory (JMP), ghoapi.azureedge.net"
SAU,Saudi Arabia,"Middle East, North Africa, Afghanistan & Pakistan",High income,2024,35300280,yes,no,yes,"basic only, no safely-managed estimate","WHO Global Health Observatory (JMP), ghoapi.azureedge.net"
SDN,Sudan,Sub-Saharan Africa ,Low income,2024,50448963,yes,no,no,"basic only, no safely-managed estimate","WHO Global Health Observatory (JMP), ghoapi.azureedge.net"
SEN,Senegal,Sub-Saharan Africa ,Lower middle income,2024,18501984,yes,yes,yes,reported,"WHO Global Health Observatory (JMP), ghoapi.azureedge.net"
SGP,Singapore,East Asia & Pacific,High income,2024,6036860,yes,yes,yes,reported,"WHO Global Health Observatory (JMP), ghoapi.azureedge.net"
SLB,Solomon Islands,East Asia & Pacific,Lower middle income,2024,819198,yes,no,no,"basic only, no safely-managed estimate","WHO Global Health Observatory (JMP), ghoapi.azureedge.net"
SLE,Sierra Leone,Sub-Saharan Africa ,Low income,2024,8642022,yes,yes,yes,reported,"WHO Global Health Observatory (JMP), ghoapi.azureedge.net"
SLV,El Salvador,Latin America & Caribbean ,Upper middle income,2024,6338193,yes,no,yes,"basic only, no safely-managed estimate","WHO Global Health Observatory (JMP), ghoapi.azureedge.net"
SMR,San Marino,Europe & Central Asia,High income,2024,33977,yes,yes,yes,reported,"WHO Global Health Observatory (JMP), ghoapi.azureedge.net"
SOM,"Somalia, Fed. Rep.",Sub-Saharan Africa ,Low income,2024,19009151,yes,no,yes,"basic only, no safely-managed estimate","WHO Global Health Observatory (JMP), ghoapi.azureedge.net"
SRB,Serbia,Europe & Central Asia,Upper middle income,2024,6586476,yes,yes,yes,reported,"WHO Global Health Observatory (JMP), ghoapi.azureedge.net"
SSD,South Sudan,Sub-Saharan Africa ,Low income,2024,11943408,yes,no,no,"basic only, no safely-managed estimate","WHO Global Health Observatory (JMP), ghoapi.azureedge.net"
STP,Sao Tome and Principe,Sub-Saharan Africa ,Lower middle income,2024,235536,yes,yes,yes,reported,"WHO Global Health Observatory (JMP), ghoapi.azureedge.net"
SUR,Suriname,Latin America & Caribbean ,Upper middle income,2024,634431,yes,yes,yes,reported,"WHO Global Health Observatory (JMP), ghoapi.azureedge.net"
SVK,Slovak Republic,Europe & Central Asia,High income,2024,5422069,yes,yes,yes,reported,"WHO Global Health Observatory (JMP), ghoapi.azureedge.net"
SVN,Slovenia,Europe & Central Asia,High income,2024,2127400,yes,yes,yes,reported,"WHO Global Health Observatory (JMP), ghoapi.azureedge.net"
SWE,Sweden,Europe & Central Asia,High income,2024,10569709,yes,yes,yes,reported,"WHO Global Health Observatory (JMP), ghoapi.azureedge.net"
SWZ,Eswatini,Sub-Saharan Africa ,Lower middle income,2024,1242822,yes,yes,yes,reported,"WHO Global Health Observatory (JMP), ghoapi.azureedge.net"
SXM,Sint Maarten (Dutch part),Latin America & Caribbean ,High income,2017,38996,yes,no,no,"basic only, no safely-managed estimate","WHO Global Health Observatory (JMP), ghoapi.azureedge.net"
SYC,Seychelles,Sub-Saharan Africa ,High income,2024,121354,yes,yes,no,reported,"WHO Global Health Observatory (JMP), ghoapi.azureedge.net"
SYR,Syrian Arab Republic,"Middle East, North Africa, Afghanistan & Pakistan",Low income,2024,24672760,yes,no,no,"basic only, no safely-managed estimate","WHO Global Health Observatory (JMP), ghoapi.azureedge.net"
TCA,Turks and Caicos Islands,Latin America & Caribbean ,High income,2024,46535,yes,yes,yes,reported,"WHO Global Health Observatory (JMP), ghoapi.azureedge.net"
TCD,Chad,Sub-Saharan Africa ,Low income,2024,20299123,yes,yes,yes,reported,"WHO Global Health Observatory (JMP), ghoapi.azureedge.net"
TGO,Togo,Sub-Saharan Africa ,Lower middle income,2024,8406558,yes,yes,yes,reported,"WHO Global Health Observatory (JMP), ghoapi.azureedge.net"
THA,Thailand,East Asia & Pacific,Upper middle income,2024,71668011,yes,no,yes,"basic only, no safely-managed estimate","WHO Global Health Observatory (JMP), ghoapi.azureedge.net"
TJK,Tajikistan,Europe & Central Asia,Lower middle income,2024,10590927,yes,yes,no,reported,"WHO Global Health Observatory (JMP), ghoapi.azureedge.net"
TKM,Turkmenistan,Europe & Central Asia,Upper middle income,2024,7494498,yes,yes,no,reported,"WHO Global Health Observatory (JMP), ghoapi.azureedge.net"
TLS,Timor-Leste,East Asia & Pacific,Lower middle income,2024,1400638,yes,no,no,"basic only, no safely-managed estimate","WHO Global Health Observatory (JMP), ghoapi.azureedge.net"
TON,Tonga,East Asia & Pacific,Upper middle income,2024,104175,yes,yes,yes,reported,"WHO Global Health Observatory (JMP), ghoapi.azureedge.net"
TTO,Trinidad and Tobago,Latin America & Caribbean ,High income,2024,1368333,yes,yes,yes,reported,"WHO Global Health Observatory (JMP), ghoapi.azureedge.net"
TUN,Tunisia,"Middle East, North Africa, Afghanistan & Pakistan",Lower middle income,2024,12277109,yes,yes,yes,reported,"WHO Global Health Observatory (JMP), ghoapi.azureedge.net"
TUR,Turkiye,Europe & Central Asia,Upper middle income,2024,85518661,yes,no,yes,"basic only, no safely-managed estimate","WHO Global Health Observatory (JMP), ghoapi.azureedge.net"
TUV,Tuvalu,East Asia & Pacific,Upper middle income,2024,9646,yes,yes,yes,reported,"WHO Global Health Observatory (JMP), ghoapi.azureedge.net"
TZA,Tanzania,Sub-Saharan Africa ,Lower middle income,2024,68560157,yes,yes,yes,reported,"WHO Global Health Observatory (JMP), ghoapi.azureedge.net"
UGA,Uganda,Sub-Saharan Africa ,Low income,2024,50015092,yes,yes,yes,reported,"WHO Global Health Observatory (JMP), ghoapi.azureedge.net"
UKR,Ukraine,Europe & Central Asia,Upper middle income,2024,37860221,yes,yes,yes,reported,"WHO Global Health Observatory (JMP), ghoapi.azureedge.net"
URY,Uruguay,Latin America & Caribbean ,High income,2024,3386588,yes,no,no,"basic only, no safely-managed estimate","WHO Global Health Observatory (JMP), ghoapi.azureedge.net"
USA,United States,North America,High income,2024,340003797,yes,yes,yes,reported,"WHO Global Health Observatory (JMP), ghoapi.azureedge.net"
UZB,Uzbekistan,Europe & Central Asia,Lower middle income,2024,36361859,yes,yes,yes,reported,"WHO Global Health Observatory (JMP), ghoapi.azureedge.net"
VCT,St. Vincent and the Grenadines,Latin America & Caribbean ,Upper middle income,2018,104926,yes,no,no,"basic only, no safely-managed estimate","WHO Global Health Observatory (JMP), ghoapi.azureedge.net"
VEN,"Venezuela, RB",Latin America & Caribbean ,Lower middle income,2024,28405543,yes,no,yes,"basic only, no safely-managed estimate","WHO Global Health Observatory (JMP), ghoapi.azureedge.net"
VGB,British Virgin Islands,Latin America & Caribbean ,High income,2024,39471,yes,no,no,"basic only, no safely-managed estimate","WHO Global Health Observatory (JMP), ghoapi.azureedge.net"
VIR,Virgin Islands (U.S.),Latin America & Caribbean ,High income,2024,104377,yes,yes,no,reported,"WHO Global Health Observatory (JMP), ghoapi.azureedge.net"
VNM,Viet Nam,East Asia & Pacific,Upper middle income,2024,100987686,yes,yes,yes,reported,"WHO Global Health Observatory (JMP), ghoapi.azureedge.net"
VUT,Vanuatu,East Asia & Pacific,Lower middle income,2024,327777,yes,yes,no,reported,"WHO Global Health Observatory (JMP), ghoapi.azureedge.net"
WSM,Samoa,East Asia & Pacific,Upper middle income,2024,218019,yes,yes,yes,reported,"WHO Global Health Observatory (JMP), ghoapi.azureedge.net"
YEM,"Yemen, Rep.","Middle East, North Africa, Afghanistan & Pakistan",Low income,2024,40583164,yes,no,yes,"basic only, no safely-managed estimate","WHO Global Health Observatory (JMP), ghoapi.azureedge.net"
ZAF,South Africa,Sub-Saharan Africa ,Upper middle income,2024,64007187,yes,yes,yes,reported,"WHO Global Health Observatory (JMP), ghoapi.azureedge.net"
ZMB,Zambia,Sub-Saharan Africa ,Lower middle income,2024,21314956,yes,no,no,"basic only, no safely-managed estimate","WHO Global Health Observatory (JMP), ghoapi.azureedge.net"
ZWE,Zimbabwe,Sub-Saharan Africa ,Lower middle income,2024,16634373,yes,yes,yes,reported,"WHO Global Health Observatory (JMP), ghoapi.azureedge.net"
