country_code,country,band_from,band_to,hours,pct_of_hours,source
de,Germany,0,10,0,0.0,"Fraunhofer ISE Energy-Charts (ENTSO-E transparency; prices from Bundesnetzagentur / SMARD), CC BY 4.0"
de,Germany,10,20,0,0.0,"Fraunhofer ISE Energy-Charts (ENTSO-E transparency; prices from Bundesnetzagentur / SMARD), CC BY 4.0"
de,Germany,20,30,411,4.69,"Fraunhofer ISE Energy-Charts (ENTSO-E transparency; prices from Bundesnetzagentur / SMARD), CC BY 4.0"
de,Germany,30,40,953,10.88,"Fraunhofer ISE Energy-Charts (ENTSO-E transparency; prices from Bundesnetzagentur / SMARD), CC BY 4.0"
de,Germany,40,50,1238,14.13,"Fraunhofer ISE Energy-Charts (ENTSO-E transparency; prices from Bundesnetzagentur / SMARD), CC BY 4.0"
de,Germany,50,60,1439,16.43,"Fraunhofer ISE Energy-Charts (ENTSO-E transparency; prices from Bundesnetzagentur / SMARD), CC BY 4.0"
de,Germany,60,70,1462,16.69,"Fraunhofer ISE Energy-Charts (ENTSO-E transparency; prices from Bundesnetzagentur / SMARD), CC BY 4.0"
de,Germany,70,80,1417,16.18,"Fraunhofer ISE Energy-Charts (ENTSO-E transparency; prices from Bundesnetzagentur / SMARD), CC BY 4.0"
de,Germany,80,90,1511,17.25,"Fraunhofer ISE Energy-Charts (ENTSO-E transparency; prices from Bundesnetzagentur / SMARD), CC BY 4.0"
de,Germany,90,100,329,3.76,"Fraunhofer ISE Energy-Charts (ENTSO-E transparency; prices from Bundesnetzagentur / SMARD), CC BY 4.0"
de,Germany,100,999,0,0.0,"Fraunhofer ISE Energy-Charts (ENTSO-E transparency; prices from Bundesnetzagentur / SMARD), CC BY 4.0"
fr,France,0,10,0,0.0,"Fraunhofer ISE Energy-Charts (ENTSO-E transparency; prices from Bundesnetzagentur / SMARD), CC BY 4.0"
fr,France,10,20,2149,24.55,"Fraunhofer ISE Energy-Charts (ENTSO-E transparency; prices from Bundesnetzagentur / SMARD), CC BY 4.0"
fr,France,20,30,4121,47.07,"Fraunhofer ISE Energy-Charts (ENTSO-E transparency; prices from Bundesnetzagentur / SMARD), CC BY 4.0"
fr,France,30,40,2126,24.28,"Fraunhofer ISE Energy-Charts (ENTSO-E transparency; prices from Bundesnetzagentur / SMARD), CC BY 4.0"
fr,France,40,50,348,3.97,"Fraunhofer ISE Energy-Charts (ENTSO-E transparency; prices from Bundesnetzagentur / SMARD), CC BY 4.0"
fr,France,50,60,11,0.13,"Fraunhofer ISE Energy-Charts (ENTSO-E transparency; prices from Bundesnetzagentur / SMARD), CC BY 4.0"
fr,France,60,70,0,0.0,"Fraunhofer ISE Energy-Charts (ENTSO-E transparency; prices from Bundesnetzagentur / SMARD), CC BY 4.0"
fr,France,70,80,0,0.0,"Fraunhofer ISE Energy-Charts (ENTSO-E transparency; prices from Bundesnetzagentur / SMARD), CC BY 4.0"
fr,France,80,90,0,0.0,"Fraunhofer ISE Energy-Charts (ENTSO-E transparency; prices from Bundesnetzagentur / SMARD), CC BY 4.0"
fr,France,90,100,0,0.0,"Fraunhofer ISE Energy-Charts (ENTSO-E transparency; prices from Bundesnetzagentur / SMARD), CC BY 4.0"
fr,France,100,999,0,0.0,"Fraunhofer ISE Energy-Charts (ENTSO-E transparency; prices from Bundesnetzagentur / SMARD), CC BY 4.0"
es,Spain,0,10,0,0.0,"Fraunhofer ISE Energy-Charts (ENTSO-E transparency; prices from Bundesnetzagentur / SMARD), CC BY 4.0"
es,Spain,10,20,17,0.19,"Fraunhofer ISE Energy-Charts (ENTSO-E transparency; prices from Bundesnetzagentur / SMARD), CC BY 4.0"
es,Spain,20,30,288,3.29,"Fraunhofer ISE Energy-Charts (ENTSO-E transparency; prices from Bundesnetzagentur / SMARD), CC BY 4.0"
es,Spain,30,40,901,10.29,"Fraunhofer ISE Energy-Charts (ENTSO-E transparency; prices from Bundesnetzagentur / SMARD), CC BY 4.0"
es,Spain,40,50,1673,19.1,"Fraunhofer ISE Energy-Charts (ENTSO-E transparency; prices from Bundesnetzagentur / SMARD), CC BY 4.0"
es,Spain,50,60,1865,21.29,"Fraunhofer ISE Energy-Charts (ENTSO-E transparency; prices from Bundesnetzagentur / SMARD), CC BY 4.0"
es,Spain,60,70,2768,31.6,"Fraunhofer ISE Energy-Charts (ENTSO-E transparency; prices from Bundesnetzagentur / SMARD), CC BY 4.0"
es,Spain,70,80,1195,13.64,"Fraunhofer ISE Energy-Charts (ENTSO-E transparency; prices from Bundesnetzagentur / SMARD), CC BY 4.0"
es,Spain,80,90,49,0.56,"Fraunhofer ISE Energy-Charts (ENTSO-E transparency; prices from Bundesnetzagentur / SMARD), CC BY 4.0"
es,Spain,90,100,4,0.05,"Fraunhofer ISE Energy-Charts (ENTSO-E transparency; prices from Bundesnetzagentur / SMARD), CC BY 4.0"
es,Spain,100,999,0,0.0,"Fraunhofer ISE Energy-Charts (ENTSO-E transparency; prices from Bundesnetzagentur / SMARD), CC BY 4.0"
pl,Poland,0,10,859,9.81,"Fraunhofer ISE Energy-Charts (ENTSO-E transparency; prices from Bundesnetzagentur / SMARD), CC BY 4.0"
pl,Poland,10,20,2356,26.89,"Fraunhofer ISE Energy-Charts (ENTSO-E transparency; prices from Bundesnetzagentur / SMARD), CC BY 4.0"
pl,Poland,20,30,2028,23.15,"Fraunhofer ISE Energy-Charts (ENTSO-E transparency; prices from Bundesnetzagentur / SMARD), CC BY 4.0"
pl,Poland,30,40,1452,16.58,"Fraunhofer ISE Energy-Charts (ENTSO-E transparency; prices from Bundesnetzagentur / SMARD), CC BY 4.0"
pl,Poland,40,50,991,11.31,"Fraunhofer ISE Energy-Charts (ENTSO-E transparency; prices from Bundesnetzagentur / SMARD), CC BY 4.0"
pl,Poland,50,60,957,10.92,"Fraunhofer ISE Energy-Charts (ENTSO-E transparency; prices from Bundesnetzagentur / SMARD), CC BY 4.0"
pl,Poland,60,70,117,1.34,"Fraunhofer ISE Energy-Charts (ENTSO-E transparency; prices from Bundesnetzagentur / SMARD), CC BY 4.0"
pl,Poland,70,80,0,0.0,"Fraunhofer ISE Energy-Charts (ENTSO-E transparency; prices from Bundesnetzagentur / SMARD), CC BY 4.0"
pl,Poland,80,90,0,0.0,"Fraunhofer ISE Energy-Charts (ENTSO-E transparency; prices from Bundesnetzagentur / SMARD), CC BY 4.0"
pl,Poland,90,100,0,0.0,"Fraunhofer ISE Energy-Charts (ENTSO-E transparency; prices from Bundesnetzagentur / SMARD), CC BY 4.0"
pl,Poland,100,999,0,0.0,"Fraunhofer ISE Energy-Charts (ENTSO-E transparency; prices from Bundesnetzagentur / SMARD), CC BY 4.0"
nl,Netherlands,0,10,2114,24.13,"Fraunhofer ISE Energy-Charts (ENTSO-E transparency; prices from Bundesnetzagentur / SMARD), CC BY 4.0"
nl,Netherlands,10,20,2293,26.18,"Fraunhofer ISE Energy-Charts (ENTSO-E transparency; prices from Bundesnetzagentur / SMARD), CC BY 4.0"
nl,Netherlands,20,30,1583,18.07,"Fraunhofer ISE Energy-Charts (ENTSO-E transparency; prices from Bundesnetzagentur / SMARD), CC BY 4.0"
nl,Netherlands,30,40,1133,12.93,"Fraunhofer ISE Energy-Charts (ENTSO-E transparency; prices from Bundesnetzagentur / SMARD), CC BY 4.0"
nl,Netherlands,40,50,925,10.56,"Fraunhofer ISE Energy-Charts (ENTSO-E transparency; prices from Bundesnetzagentur / SMARD), CC BY 4.0"
nl,Netherlands,50,60,692,7.9,"Fraunhofer ISE Energy-Charts (ENTSO-E transparency; prices from Bundesnetzagentur / SMARD), CC BY 4.0"
nl,Netherlands,60,70,20,0.23,"Fraunhofer ISE Energy-Charts (ENTSO-E transparency; prices from Bundesnetzagentur / SMARD), CC BY 4.0"
nl,Netherlands,70,80,0,0.0,"Fraunhofer ISE Energy-Charts (ENTSO-E transparency; prices from Bundesnetzagentur / SMARD), CC BY 4.0"
nl,Netherlands,80,90,0,0.0,"Fraunhofer ISE Energy-Charts (ENTSO-E transparency; prices from Bundesnetzagentur / SMARD), CC BY 4.0"
nl,Netherlands,90,100,0,0.0,"Fraunhofer ISE Energy-Charts (ENTSO-E transparency; prices from Bundesnetzagentur / SMARD), CC BY 4.0"
nl,Netherlands,100,999,0,0.0,"Fraunhofer ISE Energy-Charts (ENTSO-E transparency; prices from Bundesnetzagentur / SMARD), CC BY 4.0"
be,Belgium,0,10,324,3.7,"Fraunhofer ISE Energy-Charts (ENTSO-E transparency; prices from Bundesnetzagentur / SMARD), CC BY 4.0"
be,Belgium,10,20,1693,19.33,"Fraunhofer ISE Energy-Charts (ENTSO-E transparency; prices from Bundesnetzagentur / SMARD), CC BY 4.0"
be,Belgium,20,30,1412,16.12,"Fraunhofer ISE Energy-Charts (ENTSO-E transparency; prices from Bundesnetzagentur / SMARD), CC BY 4.0"
be,Belgium,30,40,1267,14.46,"Fraunhofer ISE Energy-Charts (ENTSO-E transparency; prices from Bundesnetzagentur / SMARD), CC BY 4.0"
be,Belgium,40,50,1498,17.1,"Fraunhofer ISE Energy-Charts (ENTSO-E transparency; prices from Bundesnetzagentur / SMARD), CC BY 4.0"
be,Belgium,50,60,1360,15.53,"Fraunhofer ISE Energy-Charts (ENTSO-E transparency; prices from Bundesnetzagentur / SMARD), CC BY 4.0"
be,Belgium,60,70,1019,11.63,"Fraunhofer ISE Energy-Charts (ENTSO-E transparency; prices from Bundesnetzagentur / SMARD), CC BY 4.0"
be,Belgium,70,80,183,2.09,"Fraunhofer ISE Energy-Charts (ENTSO-E transparency; prices from Bundesnetzagentur / SMARD), CC BY 4.0"
be,Belgium,80,90,4,0.05,"Fraunhofer ISE Energy-Charts (ENTSO-E transparency; prices from Bundesnetzagentur / SMARD), CC BY 4.0"
be,Belgium,90,100,0,0.0,"Fraunhofer ISE Energy-Charts (ENTSO-E transparency; prices from Bundesnetzagentur / SMARD), CC BY 4.0"
be,Belgium,100,999,0,0.0,"Fraunhofer ISE Energy-Charts (ENTSO-E transparency; prices from Bundesnetzagentur / SMARD), CC BY 4.0"
at,Austria,0,10,0,0.0,"Fraunhofer ISE Energy-Charts (ENTSO-E transparency; prices from Bundesnetzagentur / SMARD), CC BY 4.0"
at,Austria,10,20,0,0.0,"Fraunhofer ISE Energy-Charts (ENTSO-E transparency; prices from Bundesnetzagentur / SMARD), CC BY 4.0"
at,Austria,20,30,0,0.0,"Fraunhofer ISE Energy-Charts (ENTSO-E transparency; prices from Bundesnetzagentur / SMARD), CC BY 4.0"
at,Austria,30,40,0,0.0,"Fraunhofer ISE Energy-Charts (ENTSO-E transparency; prices from Bundesnetzagentur / SMARD), CC BY 4.0"
at,Austria,40,50,44,0.5,"Fraunhofer ISE Energy-Charts (ENTSO-E transparency; prices from Bundesnetzagentur / SMARD), CC BY 4.0"
at,Austria,50,60,614,7.01,"Fraunhofer ISE Energy-Charts (ENTSO-E transparency; prices from Bundesnetzagentur / SMARD), CC BY 4.0"
at,Austria,60,70,1188,13.56,"Fraunhofer ISE Energy-Charts (ENTSO-E transparency; prices from Bundesnetzagentur / SMARD), CC BY 4.0"
at,Austria,70,80,1423,16.24,"Fraunhofer ISE Energy-Charts (ENTSO-E transparency; prices from Bundesnetzagentur / SMARD), CC BY 4.0"
at,Austria,80,90,1107,12.64,"Fraunhofer ISE Energy-Charts (ENTSO-E transparency; prices from Bundesnetzagentur / SMARD), CC BY 4.0"
at,Austria,90,100,4384,50.05,"Fraunhofer ISE Energy-Charts (ENTSO-E transparency; prices from Bundesnetzagentur / SMARD), CC BY 4.0"
at,Austria,100,999,0,0.0,"Fraunhofer ISE Energy-Charts (ENTSO-E transparency; prices from Bundesnetzagentur / SMARD), CC BY 4.0"
it,Italy,0,10,0,0.0,"Fraunhofer ISE Energy-Charts (ENTSO-E transparency; prices from Bundesnetzagentur / SMARD), CC BY 4.0"
it,Italy,10,20,764,8.72,"Fraunhofer ISE Energy-Charts (ENTSO-E transparency; prices from Bundesnetzagentur / SMARD), CC BY 4.0"
it,Italy,20,30,1979,22.59,"Fraunhofer ISE Energy-Charts (ENTSO-E transparency; prices from Bundesnetzagentur / SMARD), CC BY 4.0"
it,Italy,30,40,1866,21.3,"Fraunhofer ISE Energy-Charts (ENTSO-E transparency; prices from Bundesnetzagentur / SMARD), CC BY 4.0"
it,Italy,40,50,1461,16.68,"Fraunhofer ISE Energy-Charts (ENTSO-E transparency; prices from Bundesnetzagentur / SMARD), CC BY 4.0"
it,Italy,50,60,1010,11.53,"Fraunhofer ISE Energy-Charts (ENTSO-E transparency; prices from Bundesnetzagentur / SMARD), CC BY 4.0"
it,Italy,60,70,739,8.44,"Fraunhofer ISE Energy-Charts (ENTSO-E transparency; prices from Bundesnetzagentur / SMARD), CC BY 4.0"
it,Italy,70,80,634,7.24,"Fraunhofer ISE Energy-Charts (ENTSO-E transparency; prices from Bundesnetzagentur / SMARD), CC BY 4.0"
it,Italy,80,90,307,3.5,"Fraunhofer ISE Energy-Charts (ENTSO-E transparency; prices from Bundesnetzagentur / SMARD), CC BY 4.0"
it,Italy,90,100,0,0.0,"Fraunhofer ISE Energy-Charts (ENTSO-E transparency; prices from Bundesnetzagentur / SMARD), CC BY 4.0"
it,Italy,100,999,0,0.0,"Fraunhofer ISE Energy-Charts (ENTSO-E transparency; prices from Bundesnetzagentur / SMARD), CC BY 4.0"
