city,country,latitude,longitude,model,baseline_mean_c,future_mean_c,warming_c,baseline_days_over_35_per_year,future_days_over_35_per_year,source
Manila,PH,14.6,120.98,CMCC_CM2_VHR4,26.767,27.721,0.954,0.7,7.2,"Open-Meteo CMIP6 downscaled projections, climate-api.open-meteo.com"
Manila,PH,14.6,120.98,FGOALS_f3_H,26.63,27.68,1.051,1.4,7.3,"Open-Meteo CMIP6 downscaled projections, climate-api.open-meteo.com"
Manila,PH,14.6,120.98,HiRAM_SIT_HR,26.811,27.84,1.028,13.9,26.6,"Open-Meteo CMIP6 downscaled projections, climate-api.open-meteo.com"
Manila,PH,14.6,120.98,MRI_AGCM3_2_S,26.8,27.715,0.914,14.9,20.1,"Open-Meteo CMIP6 downscaled projections, climate-api.open-meteo.com"
Manila,PH,14.6,120.98,EC_Earth3P_HR,26.729,27.743,1.014,5.5,13.0,"Open-Meteo CMIP6 downscaled projections, climate-api.open-meteo.com"
Manila,PH,14.6,120.98,MPI_ESM1_2_XR,27.337,27.547,0.21,18.7,17.4,"Open-Meteo CMIP6 downscaled projections, climate-api.open-meteo.com"
Manila,PH,14.6,120.98,NICAM16_8S,26.657,27.792,1.135,13.4,26.5,"Open-Meteo CMIP6 downscaled projections, climate-api.open-meteo.com"
Jakarta,ID,-6.21,106.85,CMCC_CM2_VHR4,26.273,27.293,1.02,0.0,0.1,"Open-Meteo CMIP6 downscaled projections, climate-api.open-meteo.com"
Jakarta,ID,-6.21,106.85,FGOALS_f3_H,26.275,27.157,0.882,0.0,0.2,"Open-Meteo CMIP6 downscaled projections, climate-api.open-meteo.com"
Jakarta,ID,-6.21,106.85,HiRAM_SIT_HR,26.312,27.201,0.889,0.0,0.0,"Open-Meteo CMIP6 downscaled projections, climate-api.open-meteo.com"
Jakarta,ID,-6.21,106.85,MRI_AGCM3_2_S,26.334,27.262,0.928,0.7,3.7,"Open-Meteo CMIP6 downscaled projections, climate-api.open-meteo.com"
Jakarta,ID,-6.21,106.85,EC_Earth3P_HR,26.253,27.409,1.155,0.5,2.4,"Open-Meteo CMIP6 downscaled projections, climate-api.open-meteo.com"
Jakarta,ID,-6.21,106.85,MPI_ESM1_2_XR,26.488,27.156,0.668,0.0,0.0,"Open-Meteo CMIP6 downscaled projections, climate-api.open-meteo.com"
Jakarta,ID,-6.21,106.85,NICAM16_8S,26.225,27.324,1.099,21.1,25.7,"Open-Meteo CMIP6 downscaled projections, climate-api.open-meteo.com"
Delhi,IN,28.61,77.21,CMCC_CM2_VHR4,24.548,25.242,0.694,61.1,75.8,"Open-Meteo CMIP6 downscaled projections, climate-api.open-meteo.com"
Delhi,IN,28.61,77.21,FGOALS_f3_H,24.728,26.297,1.569,81.8,99.4,"Open-Meteo CMIP6 downscaled projections, climate-api.open-meteo.com"
Delhi,IN,28.61,77.21,HiRAM_SIT_HR,25.358,26.333,0.976,92.4,93.8,"Open-Meteo CMIP6 downscaled projections, climate-api.open-meteo.com"
Delhi,IN,28.61,77.21,MRI_AGCM3_2_S,25.0,25.848,0.848,70.9,70.3,"Open-Meteo CMIP6 downscaled projections, climate-api.open-meteo.com"
Delhi,IN,28.61,77.21,EC_Earth3P_HR,25.03,25.434,0.403,62.4,57.4,"Open-Meteo CMIP6 downscaled projections, climate-api.open-meteo.com"
Delhi,IN,28.61,77.21,MPI_ESM1_2_XR,24.78,25.33,0.549,54.5,58.0,"Open-Meteo CMIP6 downscaled projections, climate-api.open-meteo.com"
Delhi,IN,28.61,77.21,NICAM16_8S,25.153,25.181,0.028,80.8,75.8,"Open-Meteo CMIP6 downscaled projections, climate-api.open-meteo.com"
Dhaka,BD,23.81,90.41,CMCC_CM2_VHR4,25.122,25.533,0.411,15.6,15.7,"Open-Meteo CMIP6 downscaled projections, climate-api.open-meteo.com"
Dhaka,BD,23.81,90.41,FGOALS_f3_H,25.211,26.165,0.954,28.7,43.4,"Open-Meteo CMIP6 downscaled projections, climate-api.open-meteo.com"
Dhaka,BD,23.81,90.41,HiRAM_SIT_HR,25.439,26.272,0.832,35.1,38.3,"Open-Meteo CMIP6 downscaled projections, climate-api.open-meteo.com"
Dhaka,BD,23.81,90.41,MRI_AGCM3_2_S,25.441,26.52,1.079,23.3,28.3,"Open-Meteo CMIP6 downscaled projections, climate-api.open-meteo.com"
Dhaka,BD,23.81,90.41,EC_Earth3P_HR,25.513,25.809,0.296,21.5,15.7,"Open-Meteo CMIP6 downscaled projections, climate-api.open-meteo.com"
Dhaka,BD,23.81,90.41,MPI_ESM1_2_XR,25.296,26.323,1.027,13.2,21.1,"Open-Meteo CMIP6 downscaled projections, climate-api.open-meteo.com"
Dhaka,BD,23.81,90.41,NICAM16_8S,25.645,26.091,0.446,37.7,44.1,"Open-Meteo CMIP6 downscaled projections, climate-api.open-meteo.com"
Lagos,NG,6.52,3.38,CMCC_CM2_VHR4,26.527,27.457,0.93,0.1,0.1,"Open-Meteo CMIP6 downscaled projections, climate-api.open-meteo.com"
Lagos,NG,6.52,3.38,FGOALS_f3_H,26.454,27.419,0.965,0.0,0.1,"Open-Meteo CMIP6 downscaled projections, climate-api.open-meteo.com"
Lagos,NG,6.52,3.38,HiRAM_SIT_HR,26.566,27.459,0.893,0.4,0.8,"Open-Meteo CMIP6 downscaled projections, climate-api.open-meteo.com"
Lagos,NG,6.52,3.38,MRI_AGCM3_2_S,26.64,27.631,0.991,2.8,2.3,"Open-Meteo CMIP6 downscaled projections, climate-api.open-meteo.com"
Lagos,NG,6.52,3.38,EC_Earth3P_HR,26.65,27.533,0.883,0.0,2.4,"Open-Meteo CMIP6 downscaled projections, climate-api.open-meteo.com"
Lagos,NG,6.52,3.38,MPI_ESM1_2_XR,26.764,27.248,0.485,0.1,0.1,"Open-Meteo CMIP6 downscaled projections, climate-api.open-meteo.com"
Lagos,NG,6.52,3.38,NICAM16_8S,26.651,27.381,0.73,14.2,20.4,"Open-Meteo CMIP6 downscaled projections, climate-api.open-meteo.com"
Nairobi,KE,-1.29,36.82,CMCC_CM2_VHR4,18.84,19.879,1.039,0.0,0.0,"Open-Meteo CMIP6 downscaled projections, climate-api.open-meteo.com"
Nairobi,KE,-1.29,36.82,FGOALS_f3_H,18.755,19.79,1.035,0.0,0.0,"Open-Meteo CMIP6 downscaled projections, climate-api.open-meteo.com"
Nairobi,KE,-1.29,36.82,HiRAM_SIT_HR,18.829,19.953,1.125,0.1,0.0,"Open-Meteo CMIP6 downscaled projections, climate-api.open-meteo.com"
Nairobi,KE,-1.29,36.82,MRI_AGCM3_2_S,18.828,20.044,1.216,0.0,0.0,"Open-Meteo CMIP6 downscaled projections, climate-api.open-meteo.com"
Nairobi,KE,-1.29,36.82,EC_Earth3P_HR,18.846,20.046,1.2,0.0,0.0,"Open-Meteo CMIP6 downscaled projections, climate-api.open-meteo.com"
Nairobi,KE,-1.29,36.82,MPI_ESM1_2_XR,18.863,20.242,1.38,0.0,0.0,"Open-Meteo CMIP6 downscaled projections, climate-api.open-meteo.com"
Nairobi,KE,-1.29,36.82,NICAM16_8S,18.84,20.141,1.301,1.6,2.8,"Open-Meteo CMIP6 downscaled projections, climate-api.open-meteo.com"
Cairo,EG,30.04,31.24,CMCC_CM2_VHR4,21.914,23.436,1.522,63.6,81.3,"Open-Meteo CMIP6 downscaled projections, climate-api.open-meteo.com"
Cairo,EG,30.04,31.24,FGOALS_f3_H,21.901,22.97,1.069,57.1,79.2,"Open-Meteo CMIP6 downscaled projections, climate-api.open-meteo.com"
Cairo,EG,30.04,31.24,HiRAM_SIT_HR,21.921,23.488,1.567,67.4,83.4,"Open-Meteo CMIP6 downscaled projections, climate-api.open-meteo.com"
Cairo,EG,30.04,31.24,MRI_AGCM3_2_S,22.064,23.441,1.377,68.9,89.2,"Open-Meteo CMIP6 downscaled projections, climate-api.open-meteo.com"
Cairo,EG,30.04,31.24,EC_Earth3P_HR,21.984,23.322,1.338,67.2,79.4,"Open-Meteo CMIP6 downscaled projections, climate-api.open-meteo.com"
Cairo,EG,30.04,31.24,MPI_ESM1_2_XR,21.92,23.627,1.707,61.9,81.0,"Open-Meteo CMIP6 downscaled projections, climate-api.open-meteo.com"
Cairo,EG,30.04,31.24,NICAM16_8S,21.979,23.605,1.626,61.3,77.4,"Open-Meteo CMIP6 downscaled projections, climate-api.open-meteo.com"
Sao Paulo,BR,-23.55,-46.63,CMCC_CM2_VHR4,19.615,20.618,1.003,0.6,2.9,"Open-Meteo CMIP6 downscaled projections, climate-api.open-meteo.com"
Sao Paulo,BR,-23.55,-46.63,FGOALS_f3_H,19.487,20.703,1.216,0.0,2.2,"Open-Meteo CMIP6 downscaled projections, climate-api.open-meteo.com"
Sao Paulo,BR,-23.55,-46.63,HiRAM_SIT_HR,19.672,20.704,1.032,4.3,8.7,"Open-Meteo CMIP6 downscaled projections, climate-api.open-meteo.com"
Sao Paulo,BR,-23.55,-46.63,MRI_AGCM3_2_S,19.617,20.417,0.799,1.7,2.0,"Open-Meteo CMIP6 downscaled projections, climate-api.open-meteo.com"
Sao Paulo,BR,-23.55,-46.63,EC_Earth3P_HR,19.838,20.754,0.916,0.1,1.3,"Open-Meteo CMIP6 downscaled projections, climate-api.open-meteo.com"
Sao Paulo,BR,-23.55,-46.63,MPI_ESM1_2_XR,19.596,20.727,1.131,0.0,0.0,"Open-Meteo CMIP6 downscaled projections, climate-api.open-meteo.com"
Sao Paulo,BR,-23.55,-46.63,NICAM16_8S,19.61,20.419,0.81,0.3,0.6,"Open-Meteo CMIP6 downscaled projections, climate-api.open-meteo.com"
Reykjavik,IS,64.15,-21.94,CMCC_CM2_VHR4,4.384,5.618,1.234,0.0,0.0,"Open-Meteo CMIP6 downscaled projections, climate-api.open-meteo.com"
Reykjavik,IS,64.15,-21.94,FGOALS_f3_H,4.05,5.298,1.248,0.0,0.0,"Open-Meteo CMIP6 downscaled projections, climate-api.open-meteo.com"
Reykjavik,IS,64.15,-21.94,HiRAM_SIT_HR,4.229,5.117,0.888,0.0,0.0,"Open-Meteo CMIP6 downscaled projections, climate-api.open-meteo.com"
Reykjavik,IS,64.15,-21.94,MRI_AGCM3_2_S,4.259,5.268,1.009,0.0,0.0,"Open-Meteo CMIP6 downscaled projections, climate-api.open-meteo.com"
Reykjavik,IS,64.15,-21.94,EC_Earth3P_HR,4.472,5.619,1.147,0.0,0.0,"Open-Meteo CMIP6 downscaled projections, climate-api.open-meteo.com"
Reykjavik,IS,64.15,-21.94,MPI_ESM1_2_XR,4.372,5.621,1.249,0.0,0.0,"Open-Meteo CMIP6 downscaled projections, climate-api.open-meteo.com"
Reykjavik,IS,64.15,-21.94,NICAM16_8S,4.363,5.443,1.08,0.0,0.0,"Open-Meteo CMIP6 downscaled projections, climate-api.open-meteo.com"
Moscow,RU,55.76,37.62,CMCC_CM2_VHR4,5.507,7.191,1.683,0.1,1.0,"Open-Meteo CMIP6 downscaled projections, climate-api.open-meteo.com"
Moscow,RU,55.76,37.62,FGOALS_f3_H,5.031,6.323,1.292,0.0,0.2,"Open-Meteo CMIP6 downscaled projections, climate-api.open-meteo.com"
Moscow,RU,55.76,37.62,HiRAM_SIT_HR,5.394,6.468,1.074,0.9,0.7,"Open-Meteo CMIP6 downscaled projections, climate-api.open-meteo.com"
Moscow,RU,55.76,37.62,MRI_AGCM3_2_S,5.484,6.993,1.509,1.9,1.3,"Open-Meteo CMIP6 downscaled projections, climate-api.open-meteo.com"
Moscow,RU,55.76,37.62,EC_Earth3P_HR,5.141,6.707,1.566,0.0,0.0,"Open-Meteo CMIP6 downscaled projections, climate-api.open-meteo.com"
Mexico City,MX,19.43,-99.13,CMCC_CM2_VHR4,15.592,16.904,1.312,0.0,0.0,"Open-Meteo CMIP6 downscaled projections, climate-api.open-meteo.com"
Mexico City,MX,19.43,-99.13,FGOALS_f3_H,15.43,16.772,1.342,0.0,0.0,"Open-Meteo CMIP6 downscaled projections, climate-api.open-meteo.com"
Mexico City,MX,19.43,-99.13,HiRAM_SIT_HR,15.509,16.682,1.173,0.0,0.0,"Open-Meteo CMIP6 downscaled projections, climate-api.open-meteo.com"
